0,1,0,0,0,0,0,0,0,0,0,0,0,0,0,0,0,0,0
0.1,1,3.4021e-13,2.4007e-10,6.867e-12,-2.0868e-09,1.349e-12,0.1,0,0,0,0,0,0,0,0,0.0043633,0,0
0.2,1,1.6412e-05,-1.0852e-10,1.9215e-06,1.2913e-09,-2.0034e-05,0.2,3.4021e-14,0,6.867e-13,-2.0868e-10,1.349e-13,0,0,0,0.0087266,0,0
0.3,1,4.9699e-05,-1.1889e-09,5.6846e-06,1.0375e-08,-5.9527e-05,0.3,1.6412e-06,2.0868e-11,1.9215e-07,-7.9551e-11,-2.0034e-06,0,0,0,0.01309,0,0
0.4,1,0.0001003,-3.215e-09,1.1203e-05,2.5492e-08,-0.00011792,0.4,6.4108e-06,1.8866e-11,7.6061e-07,9.5908e-10,-7.9561e-06,0,0,0,0.017453,0,0
0.5,1,0.00016862,-6.5242e-09,1.8385e-05,4.7034e-08,-0.00019468,0.5,1.5645e-05,-1.5684e-10,1.8809e-06,3.5172e-09,-1.9748e-05,0,0,0,0.021817,0,0
0.6,1,0.00025505,-1.1625e-08,2.7137e-05,7.5427e-08,-0.00028929,0.6,3.0533e-05,-8.4157e-10,3.7195e-06,8.2572e-09,-3.9217e-05,0,0,0,0.02618,0,0
0.7,1,0.00035995,-1.9241e-08,3.7359e-05,1.1111e-07,-0.00040124,0.7,5.2116e-05,-2.6675e-09,6.4331e-06,1.5908e-08,-6.8146e-05,0,0,0,0.030543,0,0
0.8,0.99999,0.00048365,-3.0346e-08,4.8951e-05,1.545e-07,-0.00053005,0.8,8.1297e-05,-6.7112e-09,1.0169e-05,2.7277e-08,-0.00010827,0,0,0,0.034907,0,0
0.9,0.99999,0.00062647,-4.6202e-08,6.1813e-05,2.0597e-07,-0.00067524,0.9,0.00011883,-1.4675e-08,1.5064e-05,4.3265e-08,-0.00016127,0,0,0,0.03927,0,0
1,0.99999,0.00078869,-6.8387e-08,7.5844e-05,2.6582e-07,-0.00083636,1,0.00016535,-2.9105e-08,2.1245e-05,6.4879e-08,-0.0002288,0,0,0,0.043633,0,0
1.1,0.99998,0.00097059,-9.8821e-08,9.0943e-05,3.3425e-07,-0.001013,1.1,0.00022134,-5.3638e-08,2.883e-05,9.3238e-08,-0.00031243,0,0,0,0.047997,0,0
1.2,0.99997,0.0011724,-1.3979e-07,0.00010701,4.1133e-07,-0.0012047,1.2,0.00028716,-9.3287e-08,3.7924e-05,1.2958e-07,-0.00041373,0,0,0,0.05236,0,0
1.3,0.99996,0.0013944,-1.9395e-07,0.00012395,4.97e-07,-0.001411,1.3,0.00036303,-1.5475e-07,4.8625e-05,1.7528e-07,-0.0005342,0,0,0,0.056723,0,0
1.4,0.99995,0.0016368,-2.6439e-07,0.00014167,5.9099e-07,-0.0016316,1.4,0.00044905,-2.4677e-07,6.102e-05,2.3185e-07,-0.0006753,0,0,0,0.061087,0,0
1.5,0.99993,0.0018997,-3.5457e-07,0.00016007,6.9285e-07,-0.001866,1.5,0.00054521,-3.8049e-07,7.5187e-05,3.009e-07,-0.00083845,0,0,0,0.06545,0,0
1.6,0.99992,0.0021834,-4.6839e-07,0.00017906,8.0191e-07,-0.0021139,1.6,0.00065134,-5.6986e-07,9.1194e-05,3.8421e-07,-0.0010251,0,0,0,0.069813,0,0
1.7,0.99989,0.0024879,-6.1019e-07,0.00019857,9.1725e-07,-0.002375,1.7,0.00076718,-8.3208e-07,0.0001091,4.8368e-07,-0.0012364,0,0,0,0.074176,0,0
1.8,0.99987,0.0028135,-7.8473e-07,0.00021851,1.0377e-06,-0.0026488,1.8,0.00089234,-1.1881e-06,0.00012896,6.0132e-07,-0.0014739,0,0,0,0.07854,0,0
1.9,0.99984,0.0031603,-9.972e-07,0.0002388,1.1618e-06,-0.002935,1.8999,0.0010263,-1.6629e-06,0.00015081,7.3925e-07,-0.0017388,0,0,0,0.082903,0,0
2,0.99981,0.0035283,-1.2533e-06,0.00025937,1.2877e-06,-0.0032334,1.9999,0.0011685,-2.2863e-06,0.00017469,8.9969e-07,-0.0020323,0,0,0,0.087266,0,0
2.1,0.99977,0.0039177,-1.559e-06,0.00028015,1.4135e-06,-0.0035435,2.0999,0.0013181,-3.0934e-06,0.00020062,1.0849e-06,-0.0023557,0,0,0,0.09163,0,0
2.2,0.99973,0.0043286,-1.9208e-06,0.00030108,1.5366e-06,-0.0038651,2.1999,0.0014744,-4.1248e-06,0.00022864,1.2974e-06,-0.00271,0,0,0,0.095993,0,0
2.3,0.99969,0.004761,-2.3458e-06,0.00032209,1.6543e-06,-0.0041978,2.2999,0.0016363,-5.4276e-06,0.00025875,1.5394e-06,-0.0030965,0,0,0,0.10036,0,0
2.4,0.99964,0.005215,-2.8413e-06,0.00034314,1.7635e-06,-0.0045414,2.3998,0.0018029,-7.0558e-06,0.00029095,1.8135e-06,-0.0035163,0,0,0,0.10472,0,0
2.5,0.99958,0.0056906,-3.415e-06,0.00036417,1.8608e-06,-0.0048956,2.4998,0.0019729,-9.0709e-06,0.00032527,2.1219e-06,-0.0039704,0,0,0,0.10908,0,0
2.6,0.99952,0.0061879,-4.0752e-06,0.00038514,1.9422e-06,-0.00526,2.5998,0.002145,-1.1543e-05,0.00036168,2.4673e-06,-0.00446,0,0,0,0.11345,0,0
2.7,0.99945,0.0067068,-4.8305e-06,0.00040599,2.0035e-06,-0.0056345,2.6997,0.002318,-1.4549e-05,0.0004002,2.8517e-06,-0.004986,0,0,0,0.11781,0,0
2.8,0.99937,0.0072474,-5.6899e-06,0.00042671,2.0401e-06,-0.0060188,2.7997,0.0024904,-1.8178e-05,0.00044079,3.2776e-06,-0.0055494,0,0,0,0.12217,0,0
2.9,0.99929,0.0078096,-6.6628e-06,0.00044725,2.0468e-06,-0.0064125,2.8996,0.0026605,-2.2528e-05,0.00048346,3.7469e-06,-0.0061513,0,0,0,0.12654,0,0
3,0.9992,0.0083936,-7.759e-06,0.00046758,2.0183e-06,-0.0068155,2.9995,0.0028268,-2.7707e-05,0.00052819,4.2616e-06,-0.0067926,0,0,0,0.1309,0,0
3.1,0.9991,0.0089991,-8.9886e-06,0.00048768,1.9488e-06,-0.0072276,3.0995,0.0029874,-3.3834e-05,0.00057494,4.8234e-06,-0.0074741,0,0,0,0.13526,0,0
3.2,0.99899,0.0096262,-1.0362e-05,0.00050752,1.8318e-06,-0.0076484,3.1994,0.0031406,-4.1043e-05,0.00062371,5.4338e-06,-0.0081969,0,0,0,0.13963,0,0
3.3,0.99887,0.010275,-1.189e-05,0.00052709,1.6607e-06,-0.0080777,3.2993,0.0032843,-4.9476e-05,0.00067445,6.094e-06,-0.0089617,0,0,0,0.14399,0,0
3.4,0.99874,0.010945,-1.3585e-05,0.00054637,1.4284e-06,-0.0085154,3.3992,0.0034166,-5.9294e-05,0.00072716,6.8049e-06,-0.0097695,0,0,0,0.14835,0,0
3.5,0.99861,0.011637,-1.5456e-05,0.00056535,1.1275e-06,-0.0089611,3.499,0.0035354,-7.0667e-05,0.00078179,7.5669e-06,-0.010621,0,0,0,0.15272,0,0
3.6,0.99846,0.012349,-1.7517e-05,0.00058401,7.4986e-07,-0.0094148,3.5989,0.0036383,-8.3783e-05,0.00083832,8.3802e-06,-0.011517,0,0,0,0.15708,0,0
3.7,0.9983,0.013084,-1.978e-05,0.00060235,2.8725e-07,-0.0098761,3.6988,0.0037233,-9.8844e-05,0.00089671,9.2445e-06,-0.012459,0,0,0,0.16144,0,0
3.8,0.99813,0.013839,-2.2256e-05,0.00062037,-2.691e-07,-0.010345,3.7986,0.0037878,-0.00011607,0.00095694,1.0159e-05,-0.013446,0,0,0,0.16581,0,0
3.9,0.99795,0.014615,-2.4959e-05,0.00063806,-9.2833e-07,-0.010821,3.8984,0.0038295,-0.00013569,0.001019,1.1122e-05,-0.014481,0,0,0,0.17017,0,0
4,0.99776,0.015413,-2.7902e-05,0.00065542,-1.7e-06,-0.011304,3.9982,0.0038459,-0.00015797,0.0010828,1.2132e-05,-0.015563,0,0,0,0.17453,0,0
4.1,0.99755,0.016231,-3.1097e-05,0.00067245,-2.594e-06,-0.011794,4.098,0.0038342,-0.00018317,0.0011483,1.3186e-05,-0.016693,0,0,0,0.17453,0,0
4.2,0.99734,0.017053,-3.4552e-05,0.00068724,-3.6729e-06,-0.012271,4.1978,0.0037919,-0.00021158,0.0012155,1.428e-05,-0.017873,0,0,0,0.17453,0,0
4.3,0.99713,0.017879,-3.8268e-05,0.00069989,-4.9436e-06,-0.012735,4.2975,0.0037145,-0.00024348,0.0012842,1.5405e-05,-0.0191,0,0,0,0.17453,0,0
4.4,0.9969,0.018709,-4.2242e-05,0.00071048,-6.4125e-06,-0.013186,4.3973,0.0035977,-0.00027917,0.0013542,1.6546e-05,-0.020373,0,0,0,0.17453,0,0
4.5,0.99667,0.019541,-4.6474e-05,0.00071911,-8.0855e-06,-0.013626,4.497,0.0034374,-0.00031894,0.0014252,1.769e-05,-0.021692,0,0,0,0.17453,0,0
4.6,0.99644,0.020375,-5.096e-05,0.00072591,-9.9677e-06,-0.014053,4.5967,0.0032292,-0.00036309,0.0014971,1.8824e-05,-0.023054,0,0,0,0.17453,0,0
4.7,0.9962,0.021212,-5.5699e-05,0.00073096,-1.2064e-05,-0.01447,4.6963,0.0029692,-0.00041195,0.0015697,1.9931e-05,-0.02446,0,0,0,0.17453,0,0
4.8,0.99595,0.022049,-6.0687e-05,0.00073439,-1.4378e-05,-0.014876,4.796,0.0026534,-0.00046582,0.0016427,2.0996e-05,-0.025907,0,0,0,0.17453,0,0
4.9,0.9957,0.022888,-6.592e-05,0.00073631,-1.6914e-05,-0.015271,4.8956,0.0022777,-0.00052504,0.0017161,2.2002e-05,-0.027394,0,0,0,0.17453,0,0
5,0.99544,0.023727,-7.1395e-05,0.00073683,-1.9675e-05,-0.015655,4.9952,0.0018383,-0.00058993,0.0017897,2.2931e-05,-0.028921,0,0,0,0.17453,0,0
5.1,0.99518,0.024566,-7.7105e-05,0.00073607,-2.2662e-05,-0.01603,5.0947,0.0013315,-0.00066084,0.0018634,2.3765e-05,-0.030487,0,0,0,0.17453,0,0
5.2,0.99491,0.025405,-8.3048e-05,0.00073414,-2.5879e-05,-0.016395,5.1943,0.00075339,-0.0007381,0.001937,2.4486e-05,-0.03209,0,0,0,0.17453,0,0
5.3,0.99464,0.026243,-8.9217e-05,0.00073114,-2.9326e-05,-0.016751,5.2938,0.00010046,-0.00082206,0.0020103,2.5074e-05,-0.033729,0,0,0,0.17453,0,0
5.4,0.99436,0.02708,-9.5607e-05,0.0007272,-3.3004e-05,-0.017098,5.3933,-0.00063094,-0.00091307,0.0020834,2.5509e-05,-0.035404,0,0,0,0.17453,0,0
5.5,0.99408,0.027916,-0.00010221,0.0007224,-3.6915e-05,-0.017435,5.4928,-0.0014444,-0.0010115,0.0021561,2.577e-05,-0.037114,0,0,0,0.17453,0,0
5.6,0.99379,0.02875,-0.00010903,0.00071685,-4.1056e-05,-0.017765,5.5922,-0.0023433,-0.0011176,0.0022283,2.5838e-05,-0.038858,0,0,0,0.17453,0,0
5.7,0.9935,0.029583,-0.00011605,0.00071065,-4.543e-05,-0.018086,5.6916,-0.003331,-0.0012319,0.0022999,2.5691e-05,-0.040634,0,0,0,0.17453,0,0
5.8,0.9932,0.030413,-0.00012327,0.00070388,-5.0033e-05,-0.018399,5.791,-0.0044111,-0.0013547,0.0023709,2.5308e-05,-0.042443,0,0,0,0.17453,0,0
5.9,0.9929,0.031241,-0.00013069,0.00069664,-5.4866e-05,-0.018704,5.8904,-0.0055866,-0.0014863,0.0024413,2.4667e-05,-0.044283,0,0,0,0.17453,0,0
6,0.9926,0.032067,-0.00013829,0.000689,-5.9925e-05,-0.019002,5.9897,-0.0068609,-0.0016271,0.0025109,2.3746e-05,-0.046153,0,0,0,0.17453,0,0
6.1,0.99229,0.032889,-0.00014608,0.00068105,-6.521e-05,-0.019293,6.089,-0.0082372,-0.0017774,0.0025797,2.2525e-05,-0.048053,0,0,0,0.17453,0,0
6.2,0.99198,0.033708,-0.00015404,0.00067284,-7.0717e-05,-0.019576,6.1883,-0.0097186,-0.0019376,0.0026478,2.0981e-05,-0.049983,0,0,0,0.17453,0,0
6.3,0.99166,0.034524,-0.00016217,0.00066446,-7.6444e-05,-0.019852,6.2875,-0.011308,-0.0021082,0.002715,1.9093e-05,-0.05194,0,0,0,0.17453,0,0
6.4,0.99134,0.035336,-0.00017047,0.00065596,-8.2388e-05,-0.020122,6.3867,-0.013009,-0.0022894,0.0027815,1.6838e-05,-0.053926,0,0,0,0.17453,0,0
6.5,0.99101,0.036145,-0.00017892,0.00064739,-8.8545e-05,-0.020385,6.4859,-0.014823,-0.0024815,0.002847,1.4196e-05,-0.055938,0,0,0,0.17453,0,0
6.6,0.99068,0.03695,-0.00018754,0.0006388,-9.4911e-05,-0.020642,6.5851,-0.016755,-0.0026851,0.0029117,1.1146e-05,-0.057976,0,0,0,0.17453,0,0
6.7,0.99035,0.03775,-0.0001963,0.00063025,-0.00010148,-0.020893,6.6842,-0.018807,-0.0029003,0.0029756,7.6651e-06,-0.060041,0,0,0,0.17453,0,0
6.8,0.99002,0.038547,-0.0002052,0.00062177,-0.00010825,-0.021138,6.7833,-0.020981,-0.0031277,0.0030386,3.7339e-06,-0.06213,0,0,0,0.17453,0,0
6.9,0.98968,0.039339,-0.00021425,0.00061339,-0.00011522,-0.021377,6.8823,-0.023281,-0.0033674,0.0031008,-6.6853e-07,-0.064244,0,0,0,0.17453,0,0
7,0.98933,0.040126,-0.00022343,0.00060516,-0.00012238,-0.021611,6.9813,-0.025709,-0.00362,0.0031621,-5.5622e-06,-0.066382,0,0,0,0.17453,0,0
7.1,0.98899,0.040909,-0.00023273,0.00059709,-0.00012973,-0.021839,7.0803,-0.028267,-0.0038857,0.0032226,-1.0967e-05,-0.068543,0,0,0,0.17453,0,0
7.2,0.98864,0.041687,-0.00024217,0.0005892,-0.00013726,-0.022062,7.1793,-0.030959,-0.0041649,0.0032824,-1.6902e-05,-0.070727,0,0,0,0.17453,0,0
7.3,0.98828,0.04246,-0.00025172,0.00058152,-0.00014496,-0.022279,7.2782,-0.033787,-0.0044579,0.0033413,-2.3387e-05,-0.072933,0,0,0,0.17453,0,0
7.4,0.98793,0.043228,-0.00026138,0.00057406,-0.00015284,-0.022492,7.3771,-0.036754,-0.004765,0.0033995,-3.0439e-05,-0.075161,0,0,0,0.17453,0,0
7.5,0.98757,0.043991,-0.00027116,0.00056683,-0.00016088,-0.0227,7.4759,-0.039862,-0.0050867,0.003457,-3.8076e-05,-0.07741,0,0,0,0.17453,0,0
7.6,0.9872,0.044749,-0.00028105,0.00055984,-0.00016908,-0.022903,7.5747,-0.043113,-0.0054232,0.0035138,-4.6317e-05,-0.07968,0,0,0,0.17453,0,0
7.7,0.98684,0.045501,-0.00029104,0.0005531,-0.00017743,-0.023101,7.6735,-0.04651,-0.0057749,0.0035699,-5.5177e-05,-0.08197,0,0,0,0.17453,0,0
7.8,0.98647,0.046248,-0.00030112,0.0005466,-0.00018593,-0.023295,7.7722,-0.050055,-0.0061422,0.0036253,-6.4672e-05,-0.084281,0,0,0,0.17453,0,0
7.9,0.9861,0.046989,-0.0003113,0.00054035,-0.00019457,-0.023485,7.8709,-0.053751,-0.0065252,0.0036801,-7.482e-05,-0.08661,0,0,0,0.17453,0,0
8,0.98572,0.047725,-0.00032158,0.00053435,-0.00020334,-0.02367,7.9695,-0.057599,-0.0069244,0.0037343,-8.5634e-05,-0.088959,0,0,0,0.17453,0,0
8.1,0.98535,0.048455,-0.00033194,0.00052859,-0.00021224,-0.023851,8.0681,-0.061603,-0.0073401,0.003788,-9.7128e-05,-0.091326,0,0,0,0.17453,0,0
8.2,0.98497,0.04918,-0.00034238,0.00052306,-0.00022126,-0.024029,8.1667,-0.065764,-0.0077725,0.003841,-0.00010932,-0.093711,0,0,0,0.17453,0,0
8.3,0.98458,0.049898,-0.0003529,0.00051776,-0.0002304,-0.024202,8.2652,-0.070084,-0.0082221,0.0038936,-0.00012221,-0.096114,0,0,0,0.17453,0,0
8.4,0.9842,0.050611,-0.0003635,0.00051267,-0.00023965,-0.024372,8.3637,-0.074566,-0.0086891,0.0039457,-0.00013583,-0.098534,0,0,0,0.17453,0,0
8.5,0.98381,0.051319,-0.00037418,0.0005078,-0.000249,-0.024537,8.4621,-0.079211,-0.0091737,0.0039973,-0.00015018,-0.10097,0,0,0,0.17453,0,0
8.6,0.98342,0.05202,-0.00038492,0.00050312,-0.00025845,-0.0247,8.5605,-0.084022,-0.0096764,0.0040484,-0.00016527,-0.10343,0,0,0,0.17453,0,0
8.7,0.98303,0.052715,-0.00039573,0.00049863,-0.00026798,-0.024858,8.6589,-0.089001,-0.010197,0.0040992,-0.00018112,-0.1059,0,0,0,0.17453,0,0
8.8,0.98264,0.053404,-0.0004066,0.00049431,-0.0002776,-0.025014,8.7572,-0.094149,-0.010737,0.0041495,-0.00019772,-0.10838,0,0,0,0.17453,0,0
8.9,0.98224,0.054088,-0.00041753,0.00049015,-0.00028729,-0.025166,8.8555,-0.099469,-0.011295,0.0041994,-0.0002151,-0.11088,0,0,0,0.17453,0,0
9,0.98184,0.054765,-0.00042852,0.00048613,-0.00029705,-0.025315,8.9537,-0.10496,-0.011873,0.0042489,-0.00023326,-0.1134,0,0,0,0.17453,0,0
9.1,0.98144,0.055436,-0.00043955,0.00048224,-0.00030687,-0.02546,9.0519,-0.11063,-0.01247,0.0042982,-0.00025221,-0.11593,0,0,0,0.17453,0,0
9.2,0.98104,0.056101,-0.00045064,0.00047848,-0.00031675,-0.025603,9.15,-0.11648,-0.013087,0.004347,-0.00027196,-0.11848,0,0,0,0.17453,0,0
9.3,0.98064,0.056761,-0.00046177,0.00047482,-0.00032668,-0.025742,9.2481,-0.1225,-0.013723,0.0043956,-0.0002925,-0.12104,0,0,0,0.17453,0,0
9.4,0.98023,0.057414,-0.00047294,0.00047125,-0.00033666,-0.025879,9.3461,-0.12871,-0.01438,0.0044438,-0.00031386,-0.12361,0,0,0,0.17453,0,0
9.5,0.97982,0.05806,-0.00048415,0.00046775,-0.00034667,-0.026013,9.4441,-0.1351,-0.015057,0.0044917,-0.00033602,-0.1262,0,0,0,0.17453,0,0
9.6,0.97941,0.058701,-0.0004954,0.00046433,-0.00035671,-0.026144,9.542,-0.14167,-0.015755,0.0045394,-0.000359,-0.1288,0,0,0,0.17453,0,0
9.7,0.979,0.059336,-0.00050668,0.00046095,-0.00036678,-0.026272,9.6399,-0.14843,-0.016474,0.0045868,-0.00038281,-0.13142,0,0,0,0.17453,0,0
9.8,0.97859,0.059964,-0.00051799,0.00045762,-0.00037687,-0.026397,9.7377,-0.15537,-0.017215,0.0046339,-0.00040743,-0.13404,0,0,0,0.17453,0,0
9.9,0.97817,0.060587,-0.00052933,0.00045431,-0.00038697,-0.02652,9.8355,-0.16251,-0.017976,0.0046807,-0.00043289,-0.13668,0,0,0,0.17453,0,0
10,0.97775,0.061203,-0.0005407,0.00045102,-0.00039708,-0.026641,9.9332,-0.16983,-0.01876,0.0047273,-0.00045917,-0.13934,0,0,0,0.17453,0,0
10.1,0.97734,0.061813,-0.00055208,0.00044774,-0.00040719,-0.026759,10.031,-0.17735,-0.019565,0.0047736,-0.00048629,-0.142,0,0,0,0.17453,0,0
10.2,0.97692,0.062417,-0.00056349,0.00044446,-0.00041729,-0.026875,10.129,-0.18506,-0.020393,0.0048197,-0.00051423,-0.14468,0,0,0,0.17453,0,0
10.3,0.9765,0.063015,-0.00057491,0.00044117,-0.00042739,-0.026988,10.226,-0.19297,-0.021243,0.0048655,-0.00054301,-0.14736,0,0,0,0.17453,0,0
10.4,0.97607,0.063607,-0.00058635,0.00043785,-0.00043747,-0.027099,10.324,-0.20108,-0.022115,0.0049111,-0.00057261,-0.15006,0,0,0,0.17453,0,0
10.5,0.97565,0.064193,-0.00059781,0.00043451,-0.00044753,-0.027208,10.421,-0.20938,-0.023011,0.0049564,-0.00060305,-0.15277,0,0,0,0.17453,0,0
10.6,0.97522,0.064773,-0.00060927,0.00043114,-0.00045756,-0.027315,10.518,-0.21788,-0.023929,0.0050015,-0.00063432,-0.15549,0,0,0,0.17453,0,0
10.7,0.9748,0.065346,-0.00062074,0.00042772,-0.00046756,-0.027419,10.616,-0.22659,-0.02487,0.0050464,-0.00066641,-0.15822,0,0,0,0.17453,0,0
10.8,0.97437,0.065914,-0.00063222,0.00042426,-0.00047753,-0.027522,10.713,-0.23549,-0.025835,0.005091,-0.00069933,-0.16097,0,0,0,0.17453,0,0
10.9,0.97394,0.066476,-0.00064371,0.00042075,-0.00048745,-0.027622,10.81,-0.2446,-0.026824,0.0051353,-0.00073307,-0.16372,0,0,0,0.17453,0,0
11,0.97351,0.067031,-0.00065519,0.00041718,-0.00049733,-0.02772,10.908,-0.25392,-0.027836,0.0051794,-0.00076763,-0.16648,0,0,0,0.17453,0,0
11.1,0.97308,0.067581,-0.00066668,0.00041355,-0.00050716,-0.027817,11.005,-0.26344,-0.028873,0.0052233,-0.00080301,-0.16925,0,0,0,0.17453,0,0
11.2,0.97265,0.068125,-0.00067817,0.00040986,-0.00051694,-0.027911,11.102,-0.27317,-0.029933,0.0052668,-0.00083919,-0.17204,0,0,0,0.17453,0,0
11.3,0.97221,0.068663,-0.00068966,0.0004061,-0.00052665,-0.028004,11.199,-0.28311,-0.031018,0.0053102,-0.00087619,-0.17483,0,0,0,0.17453,0,0
11.4,0.97178,0.069195,-0.00070114,0.00040227,-0.00053631,-0.028095,11.296,-0.29326,-0.032128,0.0053532,-0.00091398,-0.17763,0,0,0,0.17017,0,0
11.5,0.97136,0.069705,-0.00071261,0.00039656,-0.00054597,-0.028165,11.393,-0.30362,-0.033262,0.005396,-0.00095257,-0.18044,0,0,0,0.16581,0,0
11.6,0.97094,0.070194,-0.00072402,0.00038904,-0.00055562,-0.028216,11.489,-0.31419,-0.034421,0.0054384,-0.00099197,-0.18325,0,0,0,0.16144,0,0
11.7,0.97054,0.070662,-0.00073535,0.00037978,-0.00056523,-0.028246,11.586,-0.32498,-0.035604,0.0054801,-0.0010322,-0.18608,0,0,0,0.15708,0,0
11.8,0.97015,0.071106,-0.00074656,0.00036886,-0.00057476,-0.028258,11.683,-0.33599,-0.036812,0.005521,-0.0010732,-0.1889,0,0,0,0.15272,0,0
11.9,0.96977,0.071529,-0.00075761,0.00035637,-0.00058419,-0.028252,11.779,-0.34723,-0.038043,0.0055609,-0.0011151,-0.19173,0,0,0,0.14835,0,0
12,0.9694,0.071929,-0.00076847,0.0003424,-0.0005935,-0.028227,11.876,-0.35868,-0.039298,0.0055997,-0.0011578,-0.19455,0,0,0,0.14399,0,0
12.1,0.96904,0.072305,-0.00077911,0.00032703,-0.00060265,-0.028186,11.972,-0.37037,-0.040577,0.0056372,-0.0012014,-0.19738,0,0,0,0.13963,0,0
12.2,0.96869,0.072659,-0.00078951,0.00031036,-0.00061162,-0.028128,12.069,-0.38228,-0.041879,0.0056733,-0.0012457,-0.20019,0,0,0,0.13526,0,0
12.3,0.96836,0.07299,-0.00079963,0.00029247,-0.00062038,-0.028053,12.165,-0.39442,-0.043204,0.0057078,-0.0012909,-0.20301,0,0,0,0.1309,0,0
12.4,0.96804,0.073297,-0.00080945,0.00027346,-0.00062891,-0.027963,12.262,-0.40679,-0.044551,0.0057407,-0.001337,-0.20581,0,0,0,0.12654,0,0
12.5,0.96773,0.073581,-0.00081895,0.00025341,-0.00063717,-0.027857,12.358,-0.4194,-0.04592,0.0057718,-0.0013838,-0.20861,0,0,0,0.12217,0,0
12.6,0.96743,0.073841,-0.0008281,0.00023242,-0.00064516,-0.027737,12.454,-0.43224,-0.04731,0.005801,-0.0014314,-0.2114,0,0,0,0.11781,0,0
12.7,0.96714,0.074078,-0.00083688,0.00021056,-0.00065283,-0.027602,12.55,-0.44532,-0.048722,0.0058282,-0.0014799,-0.21417,0,0,0,0.11345,0,0
12.8,0.96687,0.074291,-0.00084528,0.00018792,-0.00066017,-0.027452,12.646,-0.45864,-0.050153,0.0058533,-0.0015291,-0.21693,0,0,0,0.10908,0,0
12.9,0.96661,0.07448,-0.00085327,0.00016458,-0.00066715,-0.02729,12.742,-0.47219,-0.051605,0.0058763,-0.001579,-0.21968,0,0,0,0.10472,0,0
13,0.96636,0.074645,-0.00086084,0.00014063,-0.00067375,-0.027114,12.838,-0.48599,-0.053076,0.0058971,-0.0016297,-0.22241,0,0,0,0.10036,0,0
13.1,0.96612,0.074787,-0.00086797,0.00011613,-0.00067996,-0.026925,12.934,-0.50002,-0.054565,0.0059156,-0.0016811,-0.22512,0,0,0,0.095993,0,0
13.2,0.96589,0.074904,-0.00087465,9.1166e-05,-0.00068575,-0.026723,13.03,-0.5143,-0.056073,0.0059317,-0.0017331,-0.22781,0,0,0,0.09163,0,0
13.3,0.96568,0.074998,-0.00088086,6.5799e-05,-0.0006911,-0.02651,13.126,-0.52882,-0.057598,0.0059454,-0.0017859,-0.23048,0,0,0,0.087266,0,0
13.4,0.96548,0.075067,-0.0008866,4.0098e-05,-0.000696,-0.026284,13.222,-0.54357,-0.059139,0.0059568,-0.0018392,-0.23313,0,0,0,0.082903,0,0
13.5,0.96529,0.075113,-0.00089185,1.4127e-05,-0.00070043,-0.026047,13.317,-0.55858,-0.060696,0.0059656,-0.0018931,-0.23576,0,0,0,0.07854,0,0
13.6,0.96512,0.075135,-0.00089661,-1.2055e-05,-0.00070436,-0.025799,13.413,-0.57382,-0.062269,0.005972,-0.0019476,-0.23837,0,0,0,0.074176,0,0
13.7,0.96495,0.075133,-0.00090086,-3.8392e-05,-0.0007078,-0.025539,13.508,-0.58931,-0.063855,0.0059758,-0.0020027,-0.24095,0,0,0,0.069813,0,0
13.8,0.9648,0.075107,-0.00090461,-6.4831e-05,-0.00071072,-0.025269,13.604,-0.60504,-0.065455,0.005977,-0.0020582,-0.2435,0,0,0,0.06545,0,0
13.9,0.96466,0.075057,-0.00090785,-9.1321e-05,-0.00071311,-0.024989,13.699,-0.62101,-0.067068,0.0059758,-0.0021142,-0.24603,0,0,0,0.061087,0,0
14,0.96453,0.074983,-0.00091058,-0.00011782,-0.00071495,-0.024698,13.795,-0.63722,-0.068693,0.0059719,-0.0021705,-0.24853,0,0,0,0.056723,0,0
14.1,0.96442,0.074886,-0.00091278,-0.00014428,-0.00071625,-0.024398,13.89,-0.65368,-0.070328,0.0059655,-0.0022273,-0.251,0,0,0,0.05236,0,0
14.2,0.96431,0.074765,-0.00091447,-0.00017066,-0.00071698,-0.024088,13.985,-0.67038,-0.071974,0.0059565,-0.0022843,-0.25344,0,0,0,0.047997,0,0
14.3,0.96421,0.07462,-0.00091564,-0.00019692,-0.00071714,-0.023769,14.081,-0.68732,-0.073629,0.0059449,-0.0023417,-0.25585,0,0,0,0.043633,0,0
14.4,0.96413,0.074452,-0.00091629,-0.00022304,-0.00071673,-0.02344,14.176,-0.7045,-0.075292,0.0059308,-0.0023993,-0.25823,0,0,0,0.03927,0,0
14.5,0.96406,0.07426,-0.00091642,-0.00024897,-0.00071573,-0.023103,14.271,-0.72192,-0.076963,0.0059141,-0.002457,-0.26057,0,0,0,0.034907,0,0
14.6,0.964,0.074044,-0.00091604,-0.00027469,-0.00071414,-0.022757,14.366,-0.73958,-0.078639,0.0058949,-0.002515,-0.26288,0,0,0,0.030543,0,0
14.7,0.96394,0.073806,-0.00091515,-0.00030018,-0.00071196,-0.022402,14.461,-0.75748,-0.080322,0.0058732,-0.002573,-0.26516,0,0,0,0.02618,0,0
14.8,0.9639,0.073544,-0.00091376,-0.00032541,-0.00070918,-0.02204,14.556,-0.77562,-0.082008,0.0058489,-0.002631,-0.2674,0,0,0,0.021817,0,0
14.9,0.96387,0.073259,-0.00091186,-0.00035035,-0.0007058,-0.021669,14.651,-0.794,-0.083698,0.0058222,-0.002689,-0.2696,0,0,0,0.017453,0,0
15,0.96385,0.072951,-0.00090948,-0.00037498,-0.00070181,-0.02129,14.746,-0.81261,-0.085391,0.005793,-0.002747,-0.27177,0,0,0,0.01309,0,0
15.1,0.96384,0.07262,-0.0009066,-0.0003993,-0.00069723,-0.020903,14.84,-0.83145,-0.087085,0.0057613,-0.0028048,-0.2739,0,0,0,0.0087266,0,0
15.2,0.96383,0.072266,-0.00090325,-0.00042328,-0.00069205,-0.020509,14.935,-0.85053,-0.088779,0.0057273,-0.0028625,-0.27599,0,0,0,0.0043633,0,0
15.3,0.96384,0.071889,-0.00089943,-0.0004469,-0.00068627,-0.020108,15.03,-0.86984,-0.090473,0.0056908,-0.00292,-0.27804,0,0,0,-1.4919e-16,0,0
15.4,0.96385,0.071489,-0.00089515,-0.00047016,-0.00067989,-0.019699,15.125,-0.88938,-0.092166,0.005652,-0.0029771,-0.28005,0,0,0,-0.0043633,0,0
15.5,0.96387,0.071067,-0.00089042,-0.00049304,-0.00067292,-0.019283,15.219,-0.90915,-0.093855,0.0056108,-0.003034,-0.28202,0,0,0,-0.0087266,0,0
15.6,0.9639,0.070622,-0.00088525,-0.00051554,-0.00066536,-0.01886,15.314,-0.92915,-0.095541,0.0055674,-0.0030905,-0.28395,0,0,0,-0.01309,0,0
15.7,0.96394,0.070155,-0.00087965,-0.00053763,-0.00065722,-0.018431,15.408,-0.94938,-0.097222,0.0055217,-0.0031465,-0.28584,0,0,0,-0.017453,0,0
15.8,0.96399,0.069666,-0.00087363,-0.00055933,-0.00064851,-0.017995,15.503,-0.96982,-0.098897,0.0054737,-0.0032021,-0.28768,0,0,0,-0.021817,0,0
15.9,0.96404,0.069154,-0.00086721,-0.00058061,-0.00063922,-0.017552,15.597,-0.99049,-0.10057,0.0054235,-0.0032571,-0.28948,0,0,0,-0.02618,0,0
16,0.9641,0.068621,-0.00086039,-0.00060148,-0.00062937,-0.017103,15.691,-1.0114,-0.10223,0.0053712,-0.0033115,-0.29124,0,0,0,-0.030543,0,0
16.1,0.96417,0.068065,-0.0008532,-0.00062192,-0.00061898,-0.016648,15.786,-1.0325,-0.10388,0.0053167,-0.0033652,-0.29295,0,0,0,-0.034907,0,0
16.2,0.96424,0.067487,-0.00084564,-0.00064194,-0.00060804,-0.016186,15.88,-1.0538,-0.10552,0.0052601,-0.0034182,-0.29461,0,0,0,-0.03927,0,0
16.3,0.96432,0.066888,-0.00083773,-0.00066152,-0.00059657,-0.015719,15.974,-1.0754,-0.10715,0.0052014,-0.0034705,-0.29623,0,0,0,-0.043633,0,0
16.4,0.9644,0.066267,-0.00082948,-0.00068068,-0.00058457,-0.015246,16.068,-1.0971,-0.10877,0.0051408,-0.003522,-0.2978,0,0,0,-0.047997,0,0
16.5,0.96449,0.065624,-0.00082091,-0.0006994,-0.00057207,-0.014767,16.163,-1.1191,-0.11037,0.0050781,-0.0035726,-0.29933,0,0,0,-0.05236,0,0
16.6,0.96458,0.06496,-0.00081203,-0.00071769,-0.00055908,-0.014282,16.257,-1.1412,-0.11196,0.0050134,-0.0036223,-0.3008,0,0,0,-0.056723,0,0
16.7,0.96468,0.064275,-0.00080286,-0.00073554,-0.0005456,-0.013791,16.351,-1.1636,-0.11354,0.0049468,-0.0036711,-0.30223,0,0,0,-0.061087,0,0
16.8,0.96478,0.063569,-0.00079341,-0.00075295,-0.00053165,-0.013296,16.445,-1.1862,-0.1151,0.0048783,-0.0037188,-0.30361,0,0,0,-0.06545,0,0
16.9,0.96489,0.062841,-0.00078371,-0.00076992,-0.00051725,-0.012794,16.539,-1.209,-0.11664,0.004808,-0.0037655,-0.30494,0,0,0,-0.069813,0,0
17,0.96499,0.062093,-0.00077376,-0.00078646,-0.00050241,-0.012288,16.633,-1.2319,-0.11817,0.0047358,-0.0038111,-0.30622,0,0,0,-0.074176,0,0
17.1,0.9651,0.061323,-0.00076358,-0.00080256,-0.00048715,-0.011776,16.727,-1.2551,-0.11967,0.0046618,-0.0038555,-0.30745,0,0,0,-0.07854,0,0
17.2,0.96522,0.060533,-0.00075319,-0.00081823,-0.00047148,-0.01126,16.82,-1.2785,-0.12115,0.0045861,-0.0038987,-0.30863,0,0,0,-0.082903,0,0
17.3,0.96533,0.059722,-0.00074261,-0.00083346,-0.00045542,-0.010738,16.914,-1.302,-0.12262,0.0045087,-0.0039407,-0.30975,0,0,0,-0.087266,0,0
17.4,0.96545,0.058891,-0.00073186,-0.00084827,-0.000439,-0.010211,17.008,-1.3258,-0.12406,0.0044296,-0.0039814,-0.31083,0,0,0,-0.09163,0,0
17.5,0.96556,0.058039,-0.00072094,-0.00086264,-0.00042221,-0.0096793,17.102,-1.3497,-0.12547,0.0043488,-0.0040208,-0.31185,0,0,0,-0.095993,0,0
17.6,0.96568,0.057168,-0.00070989,-0.00087659,-0.0004051,-0.0091429,17.195,-1.3738,-0.12687,0.0042664,-0.0040588,-0.31282,0,0,0,-0.10036,0,0
17.7,0.9658,0.056275,-0.00069871,-0.00089011,-0.00038766,-0.0086017,17.289,-1.3981,-0.12823,0.0041825,-0.0040954,-0.31373,0,0,0,-0.10472,0,0
17.8,0.96591,0.055363,-0.00068742,-0.00090321,-0.00036993,-0.0080559,17.383,-1.4225,-0.12958,0.004097,-0.0041306,-0.31459,0,0,0,-0.10908,0,0
17.9,0.96603,0.054431,-0.00067605,-0.0009159,-0.00035192,-0.0075056,17.476,-1.4471,-0.13089,0.00401,-0.0041643,-0.3154,0,0,0,-0.11345,0,0
18,0.96614,0.053479,-0.00066461,-0.00092817,-0.00033366,-0.0069507,17.57,-1.4719,-0.13218,0.0039215,-0.0041965,-0.31615,0,0,0,-0.11781,0,0
18.1,0.96625,0.052508,-0.00065312,-0.00094004,-0.00031516,-0.0063914,17.663,-1.4969,-0.13343,0.0038316,-0.0042271,-0.31684,0,0,0,-0.12217,0,0
18.2,0.96636,0.051517,-0.0006416,-0.0009515,-0.00029644,-0.0058277,17.757,-1.522,-0.13466,0.0037403,-0.0042562,-0.31748,0,0,0,-0.12654,0,0
18.3,0.96647,0.050506,-0.00063006,-0.00096256,-0.00027753,-0.0052598,17.85,-1.5473,-0.13586,0.0036477,-0.0042836,-0.31807,0,0,0,-0.1309,0,0
18.4,0.96658,0.049476,-0.00061852,-0.00097323,-0.00025844,-0.0046875,17.943,-1.5727,-0.13702,0.0035537,-0.0043095,-0.31859,0,0,0,-0.13526,0,0
18.5,0.96668,0.048427,-0.00060701,-0.00098352,-0.0002392,-0.0041111,18.037,-1.5983,-0.13816,0.0034584,-0.0043336,-0.31906,0,0,0,-0.13963,0,0
18.6,0.96677,0.047358,-0.00059554,-0.00099342,-0.00021984,-0.0035306,18.13,-1.624,-0.13926,0.0033618,-0.0043561,-0.31947,0,0,0,-0.14399,0,0
18.7,0.96686,0.046271,-0.00058413,-0.0010029,-0.00020037,-0.0029461,18.223,-1.6499,-0.14032,0.003264,-0.0043769,-0.31983,0,0,0,-0.14835,0,0
18.8,0.96695,0.045165,-0.0005728,-0.0010121,-0.00018081,-0.0023575,18.317,-1.6759,-0.14136,0.003165,-0.004396,-0.32012,0,0,0,-0.15272,0,0
18.9,0.96703,0.04404,-0.00056156,-0.0010209,-0.00016119,-0.001765,18.41,-1.702,-0.14235,0.0030648,-0.0044133,-0.32036,0,0,0,-0.15708,0,0
19,0.9671,0.042896,-0.00055045,-0.0010293,-0.00014153,-0.0011686,18.503,-1.7283,-0.14331,0.0029635,-0.0044289,-0.32053,0,0,0,-0.16144,0,0
19.1,0.96716,0.041734,-0.00053946,-0.0010374,-0.00012185,-0.00056838,18.596,-1.7547,-0.14424,0.0028611,-0.0044427,-0.32065,0,0,0,-0.16581,0,0
19.2,0.96722,0.040553,-0.00052863,-0.0010452,-0.00010219,3.5616e-05,18.689,-1.7812,-0.14512,0.0027576,-0.0044547,-0.32071,0,0,0,-0.17017,0,0
19.3,0.96727,0.039354,-0.00051797,-0.0010526,-8.2547e-05,0.00064332,18.782,-1.8078,-0.14597,0.0026531,-0.004465,-0.3207,0,0,0,-0.17453,0,0
19.4,0.96732,0.038137,-0.00050751,-0.0010597,-6.2962e-05,0.0012547,18.875,-1.8346,-0.14678,0.0025475,-0.0044734,-0.32064,0,0,0,-0.17453,0,0
19.5,0.96735,0.036918,-0.00049725,-0.0010647,-4.3475e-05,0.0018509,18.968,-1.8615,-0.14755,0.002441,-0.00448,-0.32051,0,0,0,-0.17453,0,0
19.6,0.96738,0.035696,-0.00048722,-0.0010677,-2.4126e-05,0.0024325,19.061,-1.8884,-0.14828,0.0023337,-0.0044848,-0.32033,0,0,0,-0.17453,0,0
19.7,0.96741,0.034472,-0.00047746,-0.0010687,-4.9512e-06,0.0029999,19.154,-1.9155,-0.14897,0.0022258,-0.0044878,-0.32009,0,0,0,-0.17453,0,0
19.8,0.96743,0.033247,-0.000468,-0.0010679,1.4012e-05,0.0035535,19.247,-1.9427,-0.14962,0.0021176,-0.004489,-0.31979,0,0,0,-0.17453,0,0
19.9,0.96744,0.032022,-0.00045884,-0.0010653,3.2731e-05,0.0040938,19.34,-1.9699,-0.15023,0.0020092,-0.0044883,-0.31943,0,0,0,-0.17453,0,0
20,0.96745,0.030796,-0.00045001,-0.0010611,5.1171e-05,0.0046213,19.433,-1.9973,-0.1508,0.0019009,-0.0044859,-0.31902,0,0,0,-0.17453,0,0
20.1,0.96746,0.029571,-0.00044153,-0.0010553,6.9304e-05,0.0051362,19.526,-2.0247,-0.15133,0.0017927,-0.0044816,-0.31856,0,0,0,-0.17453,0,0
20.2,0.96746,0.028346,-0.00043342,-0.0010481,8.7098e-05,0.0056391,19.618,-2.0522,-0.15183,0.0016848,-0.0044756,-0.31804,0,0,0,-0.17453,0,0
20.3,0.96745,0.027122,-0.00042568,-0.0010396,0.00010453,0.0061302,19.711,-2.0797,-0.15228,0.0015775,-0.0044678,-0.31748,0,0,0,-0.17453,0,0
20.4,0.96744,0.0259,-0.00041833,-0.0010299,0.00012157,0.00661,19.804,-2.1074,-0.15269,0.0014708,-0.0044584,-0.31687,0,0,0,-0.17453,0,0
20.5,0.96742,0.024679,-0.00041138,-0.0010192,0.00013819,0.0070787,19.897,-2.1351,-0.15307,0.0013649,-0.0044472,-0.31621,0,0,0,-0.17453,0,0
20.6,0.9674,0.02346,-0.00040483,-0.0010074,0.00015438,0.0075368,19.989,-2.1628,-0.15341,0.0012598,-0.0044343,-0.3155,0,0,0,-0.17453,0,0
20.7,0.96738,0.022243,-0.00039869,-0.00099484,0.00017012,0.0079846,20.082,-2.1906,-0.15371,0.0011557,-0.0044198,-0.31474,0,0,0,-0.17453,0,0
20.8,0.96734,0.021029,-0.00039296,-0.00098152,0.00018537,0.0084223,20.175,-2.2184,-0.15397,0.0010527,-0.0044037,-0.31395,0,0,0,-0.17453,0,0
20.9,0.96731,0.019818,-0.00038765,-0.00096757,0.00020013,0.0088503,20.267,-2.2463,-0.15419,0.00095085,-0.0043861,-0.3131,0,0,0,-0.17453,0,0
21,0.96726,0.01861,-0.00038277,-0.00095309,0.00021438,0.0092689,20.36,-2.2742,-0.15438,0.00085021,-0.0043669,-0.31222,0,0,0,-0.17453,0,0
21.1,0.96722,0.017406,-0.00037831,-0.00093818,0.00022811,0.0096783,20.453,-2.3021,-0.15453,0.00075085,-0.0043463,-0.31129,0,0,0,-0.17453,0,0
21.2,0.96716,0.016205,-0.00037429,-0.00092294,0.0002413,0.010079,20.545,-2.3301,-0.15464,0.00065283,-0.0043242,-0.31032,0,0,0,-0.17453,0,0
21.3,0.96711,0.015008,-0.00037072,-0.00090745,0.00025393,0.010471,20.638,-2.3581,-0.15472,0.00055618,-0.0043007,-0.30932,0,0,0,-0.17453,0,0
21.4,0.96704,0.013816,-0.00036761,-0.00089179,0.000266,0.010854,20.73,-2.3861,-0.15476,0.00046093,-0.0042759,-0.30827,0,0,0,-0.17453,0,0
21.5,0.96698,0.012628,-0.00036497,-0.00087606,0.00027751,0.01123,20.823,-2.4141,-0.15476,0.00036711,-0.0042498,-0.30718,0,0,0,-0.17453,0,0
21.6,0.9669,0.011444,-0.0003628,-0.00086031,0.00028843,0.011597,20.916,-2.4422,-0.15473,0.00027473,-0.0042225,-0.30606,0,0,0,-0.17453,0,0
21.7,0.96683,0.010266,-0.00036113,-0.00084461,0.00029877,0.011957,21.008,-2.4702,-0.15467,0.0001838,-0.0041939,-0.3049,0,0,0,-0.17453,0,0
21.8,0.96674,0.0090928,-0.00035995,-0.00082903,0.00030851,0.01231,21.101,-2.4982,-0.15457,9.4324e-05,-0.0041643,-0.30371,0,0,0,-0.17453,0,0
21.9,0.96666,0.0079249,-0.00035928,-0.00081363,0.00031766,0.012655,21.193,-2.5263,-0.15444,6.2948e-06,-0.0041336,-0.30247,0,0,0,-0.17453,0,0
22,0.96656,0.0067626,-0.00035912,-0.00079846,0.0003262,0.012993,21.286,-2.5543,-0.15428,-8.03e-05,-0.0041018,-0.30121,0,0,0,-0.17453,0,0
22.1,0.96647,0.0056059,-0.00035947,-0.00078356,0.00033415,0.013324,21.378,-2.5824,-0.15408,-0.00016548,-0.0040691,-0.29991,0,0,0,-0.17453,0,0
22.2,0.96637,0.0044551,-0.00036034,-0.00076898,0.00034148,0.013648,21.471,-2.6104,-0.15385,-0.00024925,-0.0040354,-0.29858,0,0,0,-0.17453,0,0
22.3,0.96626,0.0033104,-0.00036174,-0.00075475,0.00034821,0.013966,21.563,-2.6384,-0.1536,-0.00033166,-0.0040009,-0.29721,0,0,0,-0.17453,0,0
22.4,0.96615,0.0021719,-0.00036367,-0.00074091,0.00035432,0.014278,21.656,-2.6664,-0.15331,-0.00041272,-0.0039657,-0.29582,0,0,0,-0.17453,0,0
22.5,0.96603,0.0010397,-0.00036613,-0.00072749,0.00035983,0.014583,21.748,-2.6943,-0.15299,-0.00049248,-0.0039296,-0.29439,0,0,0,-0.17453,0,0
22.6,0.96591,-8.5969e-05,-0.00036911,-0.0007145,0.00036473,0.014883,21.841,-2.7222,-0.15264,-0.00057095,-0.0038929,-0.29293,0,0,0,-0.17453,0,0
22.7,0.96579,-0.001205,-0.00037264,-0.00070196,0.00036902,0.015176,21.933,-2.7501,-0.15226,-0.0006482,-0.0038556,-0.29144,0,0,0,-0.17453,0,0
22.8,0.96566,-0.0023174,-0.0003767,-0.0006899,0.00037271,0.015464,22.026,-2.778,-0.15185,-0.00072425,-0.0038177,-0.28992,0,0,0,-0.17453,0,0
22.9,0.96553,-0.0034228,-0.00038129,-0.00067833,0.0003758,0.015746,22.118,-2.8058,-0.15142,-0.00079914,-0.0037793,-0.28838,0,0,0,-0.17453,0,0
23,0.96539,-0.0045214,-0.00038642,-0.00066725,0.00037829,0.016023,22.21,-2.8336,-0.15095,-0.00087292,-0.0037405,-0.2868,0,0,0,-0.17453,0,0
23.1,0.96525,-0.0056128,-0.00039209,-0.00065666,0.00038018,0.016294,22.303,-2.8614,-0.15046,-0.00094564,-0.0037013,-0.2852,0,0,0,-0.17453,0,0
23.2,0.9651,-0.0066971,-0.00039828,-0.00064657,0.00038149,0.016561,22.395,-2.8891,-0.14995,-0.0010173,-0.0036617,-0.28357,0,0,0,-0.17453,0,0
23.3,0.96495,-0.0077741,-0.00040501,-0.00063698,0.00038221,0.016822,22.488,-2.9167,-0.14941,-0.0010881,-0.0036219,-0.28192,0,0,0,-0.17453,0,0
23.4,0.9648,-0.0088438,-0.00041226,-0.00062789,0.00038235,0.017078,22.58,-2.9443,-0.14884,-0.0011579,-0.0035818,-0.28023,0,0,0,-0.17453,0,0
23.5,0.96464,-0.0099061,-0.00042004,-0.00061928,0.00038192,0.01733,22.673,-2.9718,-0.14825,-0.0012268,-0.0035416,-0.27853,0,0,0,-0.17453,0,0
23.6,0.96447,-0.010961,-0.00042835,-0.00061115,0.00038093,0.017576,22.765,-2.9993,-0.14764,-0.0012948,-0.0035013,-0.27679,0,0,0,-0.17453,0,0
23.7,0.96431,-0.012008,-0.00043717,-0.0006035,0.00037938,0.017819,22.858,-3.0267,-0.147,-0.0013621,-0.0034609,-0.27503,0,0,0,-0.17453,0,0
23.8,0.96414,-0.013048,-0.00044652,-0.0005963,0.00037728,0.018057,22.95,-3.0541,-0.14634,-0.0014286,-0.0034206,-0.27325,0,0,0,-0.17453,0,0
23.9,0.96396,-0.01408,-0.00045637,-0.00058955,0.00037464,0.01829,23.043,-3.0813,-0.14566,-0.0014944,-0.0033803,-0.27145,0,0,0,-0.17453,0,0
24,0.96378,-0.015104,-0.00046673,-0.00058323,0.00037146,0.018519,23.135,-3.1085,-0.14496,-0.0015595,-0.0033401,-0.26962,0,0,0,-0.17453,0,0
24.1,0.9636,-0.01612,-0.0004776,-0.00057733,0.00036776,0.018744,23.228,-3.1357,-0.14423,-0.0016241,-0.0033,-0.26777,0,0,0,-0.17453,0,0
24.2,0.96342,-0.017129,-0.00048896,-0.00057182,0.00036355,0.018965,23.32,-3.1627,-0.14349,-0.001688,-0.0032602,-0.26589,0,0,0,-0.17453,0,0
24.3,0.96323,-0.01813,-0.00050082,-0.0005667,0.00035883,0.019182,23.413,-3.1897,-0.14272,-0.0017513,-0.0032207,-0.264,0,0,0,-0.17453,0,0
24.4,0.96303,-0.019122,-0.00051316,-0.00056195,0.00035361,0.019395,23.505,-3.2166,-0.14194,-0.0018142,-0.0031814,-0.26208,0,0,0,-0.17453,0,0
24.5,0.96283,-0.020107,-0.00052598,-0.00055754,0.00034791,0.019604,23.598,-3.2434,-0.14114,-0.0018766,-0.0031425,-0.26014,0,0,0,-0.17453,0,0
24.6,0.96263,-0.021084,-0.00053928,-0.00055346,0.00034173,0.01981,23.69,-3.2701,-0.14032,-0.0019385,-0.0031041,-0.25818,0,0,0,-0.17453,0,0
24.7,0.96243,-0.022053,-0.00055305,-0.00054969,0.00033508,0.020012,23.783,-3.2967,-0.13948,-0.002,-0.0030661,-0.2562,0,0,0,-0.17453,0,0
24.8,0.96222,-0.023014,-0.00056728,-0.00054622,0.00032798,0.02021,23.875,-3.3232,-0.13863,-0.0020611,-0.0030285,-0.2542,0,0,0,-0.17453,0,0
24.9,0.96201,-0.023967,-0.00058197,-0.00054301,0.00032044,0.020405,23.968,-3.3496,-0.13776,-0.0021218,-0.0029916,-0.25217,0,0,0,-0.17453,0,0
25,0.9618,-0.024912,-0.00059711,-0.00054006,0.00031247,0.020596,24.06,-3.376,-0.13687,-0.0021822,-0.0029552,-0.25013,0,0,0,-0.17453,0,0
25.1,0.96158,-0.025849,-0.0006127,-0.00053735,0.00030407,0.020784,24.153,-3.4022,-0.13597,-0.0022423,-0.0029195,-0.24807,0,0,0,-0.17453,0,0
25.2,0.96136,-0.026778,-0.00062872,-0.00053486,0.00029526,0.020969,24.246,-3.4283,-0.13505,-0.0023021,-0.0028844,-0.246,0,0,0,-0.17453,0,0
25.3,0.96113,-0.027699,-0.00064517,-0.00053256,0.00028606,0.021151,24.338,-3.4543,-0.13412,-0.0023616,-0.00285,-0.2439,0,0,0,-0.17453,0,0
25.4,0.96091,-0.028612,-0.00066204,-0.00053045,0.00027646,0.021329,24.431,-3.4802,-0.13318,-0.0024209,-0.0028164,-0.24178,0,0,0,-0.17453,0,0
25.5,0.96068,-0.029517,-0.00067933,-0.00052851,0.0002665,0.021505,24.523,-3.506,-0.13223,-0.00248,-0.0027836,-0.23965,0,0,0,-0.17453,0,0
25.6,0.96044,-0.030414,-0.00069702,-0.00052672,0.00025616,0.021677,24.616,-3.5317,-0.13126,-0.0025388,-0.0027516,-0.2375,0,0,0,-0.17453,0,0
25.7,0.9602,-0.031302,-0.00071512,-0.00052507,0.00024548,0.021847,24.709,-3.5572,-0.13028,-0.0025975,-0.0027205,-0.23533,0,0,0,-0.17453,0,0
25.8,0.95997,-0.032183,-0.00073361,-0.00052354,0.00023445,0.022013,24.801,-3.5826,-0.12929,-0.0026559,-0.0026903,-0.23315,0,0,0,-0.17453,0,0
25.9,0.95972,-0.033056,-0.00075248,-0.00052211,0.0002231,0.022177,24.894,-3.608,-0.12828,-0.0027142,-0.002661,-0.23095,0,0,0,-0.17453,0,0
26,0.95948,-0.033921,-0.00077174,-0.00052078,0.00021143,0.022338,24.987,-3.6331,-0.12727,-0.0027723,-0.0026327,-0.22873,0,0,0,-0.17453,0,0
26.1,0.95923,-0.034777,-0.00079136,-0.00051953,0.00019945,0.022497,25.079,-3.6582,-0.12625,-0.0028303,-0.0026053,-0.2265,0,0,0,-0.17453,0,0
26.2,0.95898,-0.035626,-0.00081135,-0.00051835,0.00018718,0.022652,25.172,-3.6831,-0.12522,-0.0028881,-0.002579,-0.22425,0,0,0,-0.17453,0,0
26.3,0.95872,-0.036467,-0.00083169,-0.00051722,0.00017463,0.022805,25.265,-3.7079,-0.12418,-0.0029457,-0.0025538,-0.22198,0,0,0,-0.17453,0,0
26.4,0.95847,-0.0373,-0.00085238,-0.00051614,0.00016181,0.022956,25.357,-3.7326,-0.12313,-0.0030033,-0.0025296,-0.2197,0,0,0,-0.17453,0,0
26.5,0.95821,-0.038125,-0.00087342,-0.0005151,0.00014873,0.023104,25.45,-3.7571,-0.12208,-0.0030607,-0.0025065,-0.21741,0,0,0,-0.17453,0,0
26.6,0.95795,-0.038942,-0.00089478,-0.00051408,0.0001354,0.023249,25.543,-3.7815,-0.12101,-0.003118,-0.0024846,-0.2151,0,0,0,-0.17453,0,0
26.7,0.95768,-0.039752,-0.00091648,-0.00051308,0.00012184,0.023392,25.636,-3.8058,-0.11994,-0.0031752,-0.0024638,-0.21277,0,0,0,-0.17453,0,0
26.8,0.95742,-0.040553,-0.00093849,-0.00051209,0.00010805,0.023533,25.728,-3.8299,-0.11887,-0.0032323,-0.0024442,-0.21043,0,0,0,-0.17453,0,0
26.9,0.95715,-0.041347,-0.00096082,-0.0005111,9.4046e-05,0.023671,25.821,-3.8538,-0.11779,-0.0032892,-0.0024258,-0.20808,0,0,0,-0.17453,0,0
27,0.95688,-0.042133,-0.00098345,-0.0005101,7.9843e-05,0.023808,25.914,-3.8777,-0.1167,-0.0033461,-0.0024086,-0.20571,0,0,0,-0.17453,0,0
27.1,0.9566,-0.042911,-0.0010064,-0.00050909,6.5448e-05,0.023941,26.007,-3.9013,-0.11561,-0.0034028,-0.0023926,-0.20333,0,0,0,-0.17453,0,0
27.2,0.95632,-0.043682,-0.0010296,-0.00050806,5.0874e-05,0.024073,26.1,-3.9249,-0.11451,-0.0034595,-0.0023779,-0.20094,0,0,0,-0.17453,0,0
27.3,0.95605,-0.044444,-0.0010531,-0.000507,3.613e-05,0.024203,26.192,-3.9482,-0.11341,-0.003516,-0.0023645,-0.19853,0,0,0,-0.17453,0,0
27.4,0.95577,-0.0452,-0.0010769,-0.00050592,2.1227e-05,0.02433,26.285,-3.9714,-0.11231,-0.0035724,-0.0023524,-0.19611,0,0,0,-0.17453,0,0
27.5,0.95548,-0.045947,-0.0011009,-0.0005048,6.1755e-06,0.024455,26.378,-3.9945,-0.1112,-0.0036287,-0.0023416,-0.19368,0,0,0,-0.17453,0,0
27.6,0.9552,-0.046688,-0.0011252,-0.00050364,-9.0136e-06,0.024579,26.471,-4.0174,-0.1101,-0.0036849,-0.0023321,-0.19123,0,0,0,-0.17453,0,0
27.7,0.95491,-0.04742,-0.0011498,-0.00050244,-2.433e-05,0.0247,26.564,-4.0401,-0.10898,-0.003741,-0.0023239,-0.18877,0,0,0,-0.17453,0,0
27.8,0.95462,-0.048145,-0.0011746,-0.0005012,-3.9765e-05,0.024819,26.657,-4.0627,-0.10787,-0.003797,-0.0023171,-0.1863,0,0,0,-0.17453,0,0
27.9,0.95433,-0.048863,-0.0011996,-0.0004999,-5.5307e-05,0.024936,26.75,-4.0851,-0.10676,-0.0038529,-0.0023117,-0.18382,0,0,0,-0.17453,0,0
28,0.95404,-0.049573,-0.0012249,-0.00049856,-7.0947e-05,0.025052,26.843,-4.1074,-0.10564,-0.0039086,-0.0023076,-0.18133,0,0,0,-0.17453,0,0
28.1,0.95374,-0.050276,-0.0012504,-0.00049716,-8.6675e-05,0.025165,26.936,-4.1294,-0.10453,-0.0039643,-0.0023049,-0.17882,0,0,0,-0.17453,0,0
28.2,0.95344,-0.050972,-0.0012762,-0.0004957,-0.00010248,0.025277,27.029,-4.1514,-0.10342,-0.0040198,-0.0023036,-0.1763,0,0,0,-0.17453,0,0
28.3,0.95314,-0.05166,-0.0013021,-0.00049418,-0.00011836,0.025387,27.122,-4.1731,-0.1023,-0.0040752,-0.0023037,-0.17378,0,0,0,-0.17453,0,0
28.4,0.95284,-0.052342,-0.0013283,-0.00049261,-0.0001343,0.025495,27.215,-4.1947,-0.10119,-0.0041305,-0.0023052,-0.17124,0,0,0,-0.17453,0,0
28.5,0.95254,-0.053016,-0.0013546,-0.00049098,-0.00015028,0.025601,27.308,-4.2161,-0.10008,-0.0041856,-0.0023081,-0.16869,0,0,0,-0.17453,0,0
28.6,0.95224,-0.053683,-0.0013812,-0.00048928,-0.00016632,0.025706,27.401,-4.2373,-0.098965,-0.0042406,-0.0023124,-0.16613,0,0,0,-0.17453,0,0
28.7,0.95193,-0.054342,-0.0014079,-0.00048752,-0.00018238,0.025809,27.494,-4.2583,-0.097857,-0.0042955,-0.0023181,-0.16356,0,0,0,-0.17453,0,0
28.8,0.95162,-0.054995,-0.0014348,-0.00048569,-0.00019847,0.02591,27.587,-4.2792,-0.096751,-0.0043502,-0.0023253,-0.16098,0,0,0,-0.17453,0,0
28.9,0.95131,-0.055641,-0.0014619,-0.0004838,-0.00021458,0.02601,27.68,-4.2999,-0.095647,-0.0044048,-0.0023338,-0.15839,0,0,0,-0.17453,0,0
29,0.951,-0.05628,-0.0014892,-0.00048185,-0.00023069,0.026108,27.773,-4.3204,-0.094547,-0.0044592,-0.0023438,-0.15578,0,0,0,-0.17453,0,0
29.1,0.95069,-0.056912,-0.0015166,-0.00047982,-0.00024681,0.026204,27.866,-4.3407,-0.09345,-0.0045136,-0.0023553,-0.15317,0,0,0,-0.17453,0,0
29.2,0.95038,-0.057537,-0.0015442,-0.00047773,-0.00026291,0.026299,27.959,-4.3608,-0.092358,-0.0045677,-0.0023681,-0.15055,0,0,0,-0.17453,0,0
29.3,0.95006,-0.058155,-0.001572,-0.00047558,-0.00027901,0.026393,28.052,-4.3808,-0.091269,-0.0046217,-0.0023824,-0.14792,0,0,0,-0.17453,0,0
29.4,0.94974,-0.058767,-0.0015999,-0.00047336,-0.00029508,0.026485,28.145,-4.4005,-0.090185,-0.0046756,-0.0023981,-0.14528,0,0,0,-0.17453,0,0
29.5,0.94943,-0.059371,-0.001628,-0.00047106,-0.00031113,0.026575,28.238,-4.4201,-0.089105,-0.0047292,-0.0024152,-0.14264,0,0,0,-0.17453,0,0
29.6,0.94911,-0.059969,-0.0016562,-0.00046871,-0.00032713,0.026664,28.331,-4.4395,-0.088031,-0.0047828,-0.0024338,-0.13998,0,0,0,-0.17453,0,0
29.7,0.94879,-0.060561,-0.0016845,-0.00046628,-0.0003431,0.026752,28.425,-4.4586,-0.086963,-0.0048361,-0.0024537,-0.13731,0,0,0,-0.17453,0,0
29.8,0.94846,-0.061146,-0.001713,-0.00046379,-0.00035902,0.026838,28.518,-4.4776,-0.0859,-0.0048893,-0.0024751,-0.13464,0,0,0,-0.17453,0,0
29.9,0.94814,-0.061724,-0.0017416,-0.00046123,-0.00037488,0.026922,28.611,-4.4964,-0.084844,-0.0049423,-0.0024979,-0.13195,0,0,0,-0.17453,0,0
30,0.94781,-0.062296,-0.0017703,-0.00045861,-0.00039068,0.027006,28.704,-4.515,-0.083794,-0.0049952,-0.0025221,-0.12926,0,0,0,-0.17453,0,0
30.1,0.94749,-0.062862,-0.0017992,-0.00045592,-0.00040642,0.027088,28.797,-4.5334,-0.082751,-0.0050479,-0.0025476,-0.12656,0,0,0,-0.17453,0,0
30.2,0.94716,-0.063421,-0.0018281,-0.00045317,-0.00042208,0.027169,28.89,-4.5516,-0.081715,-0.0051004,-0.0025746,-0.12385,0,0,0,-0.17453,0,0
30.3,0.94683,-0.063974,-0.0018572,-0.00045035,-0.00043767,0.027248,28.984,-4.5696,-0.080687,-0.0051527,-0.002603,-0.12113,0,0,0,-0.17453,0,0
30.4,0.9465,-0.06452,-0.0018864,-0.00044746,-0.00045317,0.027327,29.077,-4.5874,-0.079667,-0.0052048,-0.0026327,-0.11841,0,0,0,-0.17453,0,0
30.5,0.94617,-0.065061,-0.0019157,-0.00044451,-0.00046858,0.027403,29.17,-4.605,-0.078654,-0.0052567,-0.0026638,-0.11567,0,0,0,-0.17453,0,0
30.6,0.94584,-0.065595,-0.001945,-0.0004415,-0.0004839,0.027479,29.263,-4.6224,-0.07765,-0.0053085,-0.0026962,-0.11293,0,0,0,-0.17453,0,0
30.7,0.94551,-0.066123,-0.0019745,-0.00043842,-0.00049912,0.027554,29.357,-4.6395,-0.076655,-0.00536,-0.00273,-0.11019,0,0,0,-0.17453,0,0
30.8,0.94518,-0.066645,-0.0020041,-0.00043529,-0.00051424,0.027627,29.45,-4.6565,-0.075669,-0.0054114,-0.0027652,-0.10743,0,0,0,-0.17453,0,0
30.9,0.94484,-0.067161,-0.0020337,-0.00043209,-0.00052925,0.027699,29.543,-4.6733,-0.074692,-0.0054626,-0.0028017,-0.10467,0,0,0,-0.17453,0,0
31,0.94451,-0.067671,-0.0020634,-0.00042882,-0.00054415,0.02777,29.636,-4.6898,-0.073724,-0.0055136,-0.0028394,-0.1019,0,0,0,-0.17453,0,0
31.1,0.94417,-0.068175,-0.0020932,-0.0004255,-0.00055894,0.02784,29.73,-4.7062,-0.072767,-0.0055643,-0.0028785,-0.09912,0,0,0,-0.17453,0,0
31.2,0.94383,-0.068673,-0.0021231,-0.00042212,-0.0005736,0.027909,29.823,-4.7223,-0.071819,-0.0056149,-0.0029189,-0.096336,0,0,0,-0.17453,0,0
31.3,0.9435,-0.069166,-0.0021531,-0.00041867,-0.00058814,0.027977,29.916,-4.7382,-0.070882,-0.0056652,-0.0029606,-0.093545,0,0,0,-0.17453,0,0
31.4,0.94316,-0.069652,-0.0021831,-0.00041517,-0.00060256,0.028044,30.009,-4.7539,-0.069955,-0.0057154,-0.0030036,-0.090747,0,0,0,-0.17453,0,0
31.5,0.94282,-0.070133,-0.0022131,-0.00041161,-0.00061684,0.028109,30.103,-4.7694,-0.069039,-0.0057653,-0.0030478,-0.087942,0,0,0,-0.17453,0,0
31.6,0.94248,-0.070609,-0.0022433,-0.00040799,-0.00063099,0.028174,30.196,-4.7847,-0.068135,-0.0058151,-0.0030933,-0.085131,0,0,0,-0.17453,0,0
31.7,0.94214,-0.071078,-0.0022734,-0.00040431,-0.000645,0.028237,30.289,-4.7997,-0.067242,-0.0058646,-0.00314,-0.082313,0,0,0,-0.17453,0,0
31.8,0.9418,-0.071542,-0.0023037,-0.00040058,-0.00065887,0.0283,30.383,-4.8145,-0.06636,-0.0059139,-0.003188,-0.079489,0,0,0,-0.17453,0,0
31.9,0.94145,-0.072001,-0.0023339,-0.00039678,-0.0006726,0.028361,30.476,-4.8291,-0.06549,-0.005963,-0.0032371,-0.076659,0,0,0,-0.17453,0,0
32,0.94111,-0.072454,-0.0023642,-0.00039294,-0.00068618,0.028422,30.569,-4.8435,-0.064633,-0.0060118,-0.0032875,-0.073822,0,0,0,-0.17453,0,0
32.1,0.94077,-0.072902,-0.0023946,-0.00038903,-0.00069961,0.028481,30.663,-4.8577,-0.063788,-0.0060605,-0.003339,-0.07098,0,0,0,-0.17453,0,0
32.2,0.94042,-0.073344,-0.002425,-0.00038508,-0.0007129,0.02854,30.756,-4.8717,-0.062955,-0.0061089,-0.0033917,-0.068131,0,0,0,-0.17453,0,0
32.3,0.94008,-0.073781,-0.0024554,-0.00038107,-0.00072603,0.028597,30.849,-4.8854,-0.062135,-0.0061571,-0.0034455,-0.065277,0,0,0,-0.17453,0,0
32.4,0.93973,-0.074213,-0.0024859,-0.000377,-0.000739,0.028654,30.943,-4.8989,-0.061329,-0.006205,-0.0035005,-0.062417,0,0,0,-0.17453,0,0
32.5,0.93939,-0.07464,-0.0025163,-0.00037288,-0.00075182,0.02871,31.036,-4.9121,-0.060535,-0.0062528,-0.0035567,-0.059551,0,0,0,-0.17453,0,0
32.6,0.93904,-0.075061,-0.0025468,-0.00036871,-0.00076447,0.028765,31.129,-4.9252,-0.059755,-0.0063003,-0.0036139,-0.056679,0,0,0,-0.17453,0,0
32.7,0.9387,-0.075477,-0.0025774,-0.00036449,-0.00077696,0.028819,31.223,-4.938,-0.058989,-0.0063475,-0.0036722,-0.053802,0,0,0,-0.17453,0,0
32.8,0.93835,-0.075889,-0.0026079,-0.00036022,-0.00078929,0.028872,31.316,-4.9506,-0.058237,-0.0063946,-0.0037316,-0.05092,0,0,0,-0.17453,0,0
32.9,0.938,-0.076295,-0.0026385,-0.0003559,-0.00080146,0.028924,31.409,-4.9629,-0.057499,-0.0064414,-0.0037921,-0.048032,0,0,0,-0.17453,0,0
33,0.93765,-0.076696,-0.002669,-0.00035152,-0.00081346,0.028976,31.503,-4.9751,-0.056775,-0.0064879,-0.0038536,-0.04514,0,0,0,-0.17453,0,0
33.1,0.93731,-0.077092,-0.0026996,-0.0003471,-0.00082529,0.029026,31.596,-4.987,-0.056066,-0.0065342,-0.0039161,-0.042242,0,0,0,-0.17453,0,0
33.2,0.93696,-0.077484,-0.0027302,-0.00034263,-0.00083695,0.029076,31.689,-4.9986,-0.055372,-0.0065803,-0.0039797,-0.039338,0,0,0,-0.17453,0,0
33.3,0.93661,-0.07787,-0.0027607,-0.00033812,-0.00084844,0.029125,31.782,-5.0101,-0.054692,-0.0066262,-0.0040443,-0.03643,0,0,0,-0.17453,0,0
33.4,0.93626,-0.078252,-0.0027913,-0.00033355,-0.00085975,0.029173,31.876,-5.0212,-0.054028,-0.0066717,-0.0041098,-0.033517,0,0,0,-0.17453,0,0
33.5,0.93591,-0.078629,-0.0028219,-0.00032894,-0.00087089,0.02922,31.969,-5.0322,-0.053379,-0.0067171,-0.0041763,-0.030599,0,0,0,-0.17453,0,0
33.6,0.93556,-0.079002,-0.0028524,-0.00032429,-0.00088186,0.029267,32.062,-5.0429,-0.052746,-0.0067622,-0.0042438,-0.027677,0,0,0,-0.17453,0,0
33.7,0.93521,-0.07937,-0.002883,-0.00031959,-0.00089266,0.029313,32.156,-5.0534,-0.052128,-0.006807,-0.0043122,-0.02475,0,0,0,-0.17453,0,0
33.8,0.93486,-0.079733,-0.0029135,-0.00031485,-0.00090327,0.029358,32.249,-5.0637,-0.051527,-0.0068516,-0.0043815,-0.021818,0,0,0,-0.17453,0,0
33.9,0.93451,-0.080092,-0.0029441,-0.00031006,-0.00091372,0.029402,32.342,-5.0737,-0.050941,-0.006896,-0.0044517,-0.018881,0,0,0,-0.17453,0,0
34,0.93416,-0.080446,-0.0029746,-0.00030523,-0.00092398,0.029446,32.436,-5.0835,-0.050372,-0.0069401,-0.0045228,-0.015941,0,0,0,-0.17453,0,0
34.1,0.93381,-0.080796,-0.0030051,-0.00030037,-0.00093407,0.029489,32.529,-5.093,-0.049819,-0.0069839,-0.0045947,-0.012995,0,0,0,-0.17453,0,0
34.2,0.93346,-0.081141,-0.0030355,-0.00029546,-0.00094398,0.029531,32.622,-5.1023,-0.049283,-0.0070275,-0.0046675,-0.010046,0,0,0,-0.17453,0,0
34.3,0.93311,-0.081482,-0.003066,-0.00029051,-0.00095371,0.029572,32.715,-5.1113,-0.048763,-0.0070709,-0.0047412,-0.0070922,0,0,0,-0.17453,0,0
34.4,0.93276,-0.081818,-0.0030964,-0.00028552,-0.00096326,0.029613,32.809,-5.1201,-0.048261,-0.0071139,-0.0048156,-0.0041343,0,0,0,-0.17453,0,0
34.5,0.93241,-0.082151,-0.0031268,-0.0002805,-0.00097264,0.029653,32.902,-5.1287,-0.047776,-0.0071567,-0.0048909,-0.0011724,0,0,0,-0.17453,0,0
34.6,0.93206,-0.082479,-0.0031572,-0.00027544,-0.00098184,0.029693,32.995,-5.137,-0.047308,-0.0071993,-0.0049669,0.0017936,0,0,0,-0.17453,0,0
34.7,0.9317,-0.082803,-0.0031875,-0.00027034,-0.00099086,0.029731,33.088,-5.1451,-0.046858,-0.0072416,-0.0050437,0.0047636,0,0,0,-0.17453,0,0
34.8,0.93135,-0.083123,-0.0032178,-0.00026521,-0.0009997,0.02977,33.182,-5.153,-0.046425,-0.0072836,-0.0051213,0.0077374,0,0,0,-0.17453,0,0
34.9,0.931,-0.083438,-0.0032481,-0.00026005,-0.0010084,0.029807,33.275,-5.1606,-0.04601,-0.0073254,-0.0051996,0.010715,0,0,0,-0.17453,0,0
35,0.93065,-0.08375,-0.0032783,-0.00025485,-0.0010169,0.029844,33.368,-5.1679,-0.045613,-0.0073669,-0.0052786,0.013696,0,0,0,-0.17453,0,0
35.1,0.9303,-0.084058,-0.0033085,-0.00024962,-0.0010252,0.02988,33.461,-5.175,-0.045234,-0.0074082,-0.0053583,0.016682,0,0,0,-0.17453,0,0
35.2,0.92995,-0.084361,-0.0033386,-0.00024436,-0.0010333,0.029916,33.554,-5.1819,-0.044873,-0.0074491,-0.0054387,0.01967,0,0,0,-0.17453,0,0
35.3,0.9296,-0.084661,-0.0033687,-0.00023907,-0.0010413,0.029951,33.647,-5.1885,-0.044531,-0.0074898,-0.0055197,0.022663,0,0,0,-0.17453,0,0
35.4,0.92925,-0.084957,-0.0033987,-0.00023376,-0.001049,0.029985,33.741,-5.1948,-0.044207,-0.0075303,-0.0056014,0.025658,0,0,0,-0.17453,0,0
35.5,0.9289,-0.085249,-0.0034287,-0.00022841,-0.0010566,0.030019,33.834,-5.2009,-0.043902,-0.0075705,-0.0056837,0.028658,0,0,0,-0.17453,0,0
35.6,0.92855,-0.085537,-0.0034587,-0.00022304,-0.0010641,0.030052,33.927,-5.2068,-0.043616,-0.0076104,-0.0057666,0.03166,0,0,0,-0.17453,0,0
35.7,0.9282,-0.085822,-0.0034886,-0.00021764,-0.0010713,0.030085,34.02,-5.2124,-0.043348,-0.00765,-0.0058502,0.034666,0,0,0,-0.17453,0,0
35.8,0.92785,-0.086102,-0.0035184,-0.00021222,-0.0010784,0.030117,34.113,-5.2178,-0.0431,-0.0076894,-0.0059343,0.037676,0,0,0,-0.17453,0,0
35.9,0.92749,-0.08638,-0.0035482,-0.00020677,-0.0010853,0.030148,34.206,-5.2229,-0.042871,-0.0077285,-0.006019,0.040688,0,0,0,-0.17453,0,0
36,0.92714,-0.086653,-0.003578,-0.0002013,-0.0010921,0.030179,34.299,-5.2278,-0.042661,-0.0077673,-0.0061042,0.043704,0,0,0,-0.17453,0,0
36.1,0.92679,-0.086923,-0.0036076,-0.00019581,-0.0010986,0.03021,34.392,-5.2324,-0.042471,-0.0078059,-0.00619,0.046722,0,0,0,-0.17453,0,0
36.2,0.92645,-0.087189,-0.0036372,-0.0001903,-0.001105,0.03024,34.485,-5.2367,-0.042301,-0.0078441,-0.0062762,0.049744,0,0,0,-0.17453,0,0
36.3,0.9261,-0.087452,-0.0036668,-0.00018477,-0.0011113,0.030269,34.578,-5.2408,-0.04215,-0.0078822,-0.006363,0.052769,0,0,0,-0.17453,0,0
36.4,0.92575,-0.087711,-0.0036963,-0.00017922,-0.0011173,0.030298,34.671,-5.2447,-0.042019,-0.0079199,-0.0064503,0.055797,0,0,0,-0.17453,0,0
36.5,0.9254,-0.087967,-0.0037257,-0.00017366,-0.0011232,0.030326,34.764,-5.2483,-0.041908,-0.0079574,-0.006538,0.058827,0,0,0,-0.17453,0,0
36.6,0.92505,-0.088219,-0.003755,-0.00016808,-0.001129,0.030354,34.857,-5.2516,-0.041817,-0.0079946,-0.0066262,0.061861,0,0,0,-0.17453,0,0
36.7,0.9247,-0.088468,-0.0037843,-0.00016248,-0.0011346,0.030381,34.949,-5.2547,-0.041747,-0.0080315,-0.0067148,0.064897,0,0,0,-0.17453,0,0
36.8,0.92435,-0.088714,-0.0038136,-0.00015686,-0.00114,0.030408,35.042,-5.2575,-0.041696,-0.0080682,-0.0068039,0.067936,0,0,0,-0.17453,0,0
36.9,0.924,-0.088956,-0.0038427,-0.00015124,-0.0011452,0.030435,35.135,-5.2601,-0.041667,-0.0081045,-0.0068934,0.070978,0,0,0,-0.17453,0,0
37,0.92366,-0.089195,-0.0038718,-0.0001456,-0.0011503,0.030461,35.228,-5.2624,-0.041657,-0.0081406,-0.0069832,0.074022,0,0,0,-0.17453,0,0
37.1,0.92331,-0.089431,-0.0039008,-0.00013994,-0.0011552,0.030486,35.321,-5.2645,-0.041669,-0.0081765,-0.0070734,0.077069,0,0,0,-0.17453,0,0
37.2,0.92296,-0.089664,-0.0039297,-0.00013428,-0.00116,0.030511,35.413,-5.2663,-0.041701,-0.008212,-0.007164,0.080119,0,0,0,-0.17453,0,0
37.3,0.92262,-0.089893,-0.0039585,-0.00012861,-0.0011646,0.030535,35.506,-5.2679,-0.041754,-0.0082473,-0.007255,0.083171,0,0,0,-0.17453,0,0
37.4,0.92227,-0.09012,-0.0039873,-0.00012293,-0.001169,0.03056,35.599,-5.2692,-0.041828,-0.0082824,-0.0073462,0.086225,0,0,0,-0.17453,0,0
37.5,0.92192,-0.090343,-0.004016,-0.00011724,-0.0011733,0.030583,35.692,-5.2702,-0.041924,-0.0083171,-0.0074378,0.089282,0,0,0,-0.17453,0,0
37.6,0.92158,-0.090563,-0.0040446,-0.00011154,-0.0011775,0.030606,35.784,-5.271,-0.04204,-0.0083516,-0.0075297,0.092342,0,0,0,-0.17453,0,0
37.7,0.92123,-0.090781,-0.0040731,-0.00010584,-0.0011815,0.030629,35.877,-5.2715,-0.042178,-0.0083858,-0.0076219,0.095403,0,0,0,-0.17453,0,0
37.8,0.92089,-0.090995,-0.0041016,-0.00010013,-0.0011853,0.030651,35.969,-5.2718,-0.042337,-0.0084197,-0.0077144,0.098467,0,0,0,-0.17453,0,0
37.9,0.92054,-0.091206,-0.00413,-9.4418e-05,-0.001189,0.030673,36.062,-5.2718,-0.042518,-0.0084534,-0.0078071,0.10153,0,0,0,-0.17453,0,0
38,0.9202,-0.091415,-0.0041582,-8.87e-05,-0.0011926,0.030695,36.154,-5.2715,-0.04272,-0.0084868,-0.0079001,0.1046,0,0,0,-0.17453,0,0
38.1,0.91986,-0.09162,-0.0041864,-8.298e-05,-0.001196,0.030716,36.247,-5.271,-0.042944,-0.0085199,-0.0079933,0.10767,0,0,0,-0.17453,0,0
38.2,0.91951,-0.091823,-0.0042145,-7.7258e-05,-0.0011992,0.030736,36.339,-5.2702,-0.04319,-0.0085528,-0.0080867,0.11074,0,0,0,-0.17453,0,0
38.3,0.91917,-0.092023,-0.0042426,-7.1534e-05,-0.0012023,0.030757,36.432,-5.2692,-0.043457,-0.0085854,-0.0081803,0.11382,0,0,0,-0.17453,0,0
38.4,0.91883,-0.09222,-0.0042705,-6.581e-05,-0.0012053,0.030776,36.524,-5.2679,-0.043747,-0.0086177,-0.0082741,0.1169,0,0,0,-0.17453,0,0
38.5,0.91849,-0.092414,-0.0042983,-6.0086e-05,-0.0012082,0.030796,36.616,-5.2664,-0.044058,-0.0086497,-0.0083681,0.11997,0,0,0,-0.17453,0,0
38.6,0.91815,-0.092606,-0.0043261,-5.4363e-05,-0.0012108,0.030815,36.709,-5.2646,-0.044392,-0.0086815,-0.0084623,0.12306,0,0,0,-0.17453,0,0
38.7,0.91781,-0.092795,-0.0043537,-4.8641e-05,-0.0012134,0.030834,36.801,-5.2625,-0.044748,-0.008713,-0.0085566,0.12614,0,0,0,-0.17453,0,0
38.8,0.91746,-0.092981,-0.0043813,-4.2922e-05,-0.0012158,0.030852,36.893,-5.2601,-0.045126,-0.0087443,-0.0086511,0.12922,0,0,0,-0.17453,0,0
38.9,0.91713,-0.093165,-0.0044088,-3.7207e-05,-0.0012181,0.03087,36.985,-5.2575,-0.045527,-0.0087753,-0.0087457,0.13231,0,0,0,-0.17453,0,0
39,0.91679,-0.093346,-0.0044362,-3.1495e-05,-0.0012203,0.030888,37.077,-5.2547,-0.04595,-0.008806,-0.0088404,0.1354,0,0,0,-0.17453,0,0
39.1,0.91645,-0.093524,-0.0044634,-2.5787e-05,-0.0012223,0.030905,37.17,-5.2516,-0.046396,-0.0088365,-0.0089353,0.13849,0,0,0,-0.17453,0,0
39.2,0.91611,-0.0937,-0.0044906,-2.0085e-05,-0.0012242,0.030922,37.262,-5.2482,-0.046864,-0.0088667,-0.0090302,0.14158,0,0,0,-0.17453,0,0
39.3,0.91577,-0.093874,-0.0045177,-1.4388e-05,-0.001226,0.030938,37.354,-5.2445,-0.047355,-0.0088966,-0.0091252,0.14467,0,0,0,-0.17453,0,0
39.4,0.91543,-0.094045,-0.0045447,-8.6987e-06,-0.0012276,0.030955,37.446,-5.2406,-0.047868,-0.0089263,-0.0092202,0.14777,0,0,0,-0.17453,0,0
39.5,0.9151,-0.094213,-0.0045716,-3.0161e-06,-0.0012291,0.03097,37.537,-5.2364,-0.048405,-0.0089557,-0.0093154,0.15086,0,0,0,-0.17453,0,0
39.6,0.91476,-0.09438,-0.0045984,2.6586e-06,-0.0012305,0.030986,37.629,-5.232,-0.048964,-0.0089849,-0.0094105,0.15396,0,0,0,-0.17453,0,0
39.7,0.91443,-0.094543,-0.0046251,8.3249e-06,-0.0012318,0.031001,37.721,-5.2273,-0.049546,-0.0090138,-0.0095057,0.15706,0,0,0,-0.17453,0,0
39.8,0.91409,-0.094705,-0.0046517,1.3982e-05,-0.001233,0.031016,37.813,-5.2224,-0.050152,-0.0090424,-0.009601,0.16016,0,0,0,-0.17453,0,0
39.9,0.91376,-0.094864,-0.0046782,1.963e-05,-0.001234,0.031031,37.905,-5.2171,-0.05078,-0.0090708,-0.0096962,0.16326,0,0,0,-0.17453,0,0
40,0.91343,-0.095021,-0.0047046,2.5267e-05,-0.0012349,0.031045,37.996,-5.2116,-0.051432,-0.009099,-0.0097915,0.16637,0,0,0,-0.17453,0,0
40.1,0.91309,-0.095175,-0.0047309,3.0894e-05,-0.0012358,0.031059,38.088,-5.2059,-0.052107,-0.0091269,-0.0098867,0.16947,0,0,0,-0.17453,0,0
40.2,0.91276,-0.095327,-0.004757,3.6509e-05,-0.0012364,0.031072,38.18,-5.1999,-0.052805,-0.0091545,-0.0099819,0.17258,0,0,0,-0.17453,0,0
40.3,0.91243,-0.095477,-0.0047831,4.2112e-05,-0.001237,0.031086,38.271,-5.1936,-0.053526,-0.0091819,-0.010077,0.17569,0,0,0,-0.17453,0,0
40.4,0.9121,-0.095625,-0.0048091,4.7703e-05,-0.0012375,0.031099,38.363,-5.1871,-0.054271,-0.009209,-0.010172,0.1788,0,0,0,-0.17017,0,0
40.5,0.91178,-0.095757,-0.004835,5.488e-05,-0.0012379,0.031095,38.454,-5.1803,-0.05504,-0.0092359,-0.010267,0.18191,0,0,0,-0.16581,0,0
40.6,0.91147,-0.095873,-0.0048607,6.3618e-05,-0.0012383,0.031075,38.546,-5.1732,-0.055831,-0.0092623,-0.010362,0.18502,0,0,0,-0.16144,0,0
40.7,0.91117,-0.095972,-0.0048861,7.3883e-05,-0.0012386,0.031038,38.637,-5.1658,-0.056646,-0.0092882,-0.010458,0.18813,0,0,0,-0.15708,0,0
40.8,0.91089,-0.096055,-0.0049112,8.5637e-05,-0.0012388,0.030986,38.728,-5.1582,-0.057483,-0.0093132,-0.010553,0.19123,0,0,0,-0.15272,0,0
40.9,0.91062,-0.096122,-0.0049358,9.8833e-05,-0.0012388,0.030919,38.819,-5.1504,-0.058343,-0.0093374,-0.010648,0.19433,0,0,0,-0.14835,0,0
41,0.91036,-0.096171,-0.0049601,0.00011342,-0.0012387,0.030838,38.911,-5.1422,-0.059225,-0.0093604,-0.010743,0.19743,0,0,0,-0.14399,0,0
41.1,0.91011,-0.096203,-0.0049837,0.00012934,-0.0012384,0.030742,39.002,-5.1338,-0.060129,-0.0093822,-0.010838,0.20051,0,0,0,-0.13963,0,0
41.2,0.90988,-0.096218,-0.0050068,0.00014654,-0.0012378,0.030632,39.093,-5.1251,-0.061054,-0.0094026,-0.010933,0.20359,0,0,0,-0.13526,0,0
41.3,0.90966,-0.096216,-0.0050293,0.00016494,-0.001237,0.030509,39.184,-5.1161,-0.062,-0.0094215,-0.011028,0.20665,0,0,0,-0.1309,0,0
41.4,0.90945,-0.096196,-0.005051,0.00018449,-0.001236,0.030373,39.275,-5.1069,-0.062966,-0.0094386,-0.011122,0.2097,0,0,0,-0.12654,0,0
41.5,0.90926,-0.096159,-0.005072,0.00020512,-0.0012346,0.030224,39.366,-5.0974,-0.063952,-0.009454,-0.011217,0.21274,0,0,0,-0.12217,0,0
41.6,0.90907,-0.096103,-0.0050922,0.00022675,-0.001233,0.030062,39.457,-5.0876,-0.064957,-0.0094674,-0.011312,0.21577,0,0,0,-0.11781,0,0
41.7,0.90891,-0.09603,-0.0051115,0.00024932,-0.001231,0.029889,39.548,-5.0775,-0.065982,-0.0094787,-0.011407,0.21877,0,0,0,-0.11345,0,0
41.8,0.90875,-0.09594,-0.0051299,0.00027275,-0.0012287,0.029704,39.638,-5.0672,-0.067024,-0.0094879,-0.011502,0.22176,0,0,0,-0.10908,0,0
41.9,0.90861,-0.095831,-0.0051474,0.00029698,-0.001226,0.029508,39.729,-5.0565,-0.068084,-0.0094948,-0.011597,0.22474,0,0,0,-0.10472,0,0
42,0.90848,-0.095704,-0.005164,0.00032192,-0.0012228,0.0293,39.82,-5.0456,-0.069161,-0.0094993,-0.011691,0.22769,0,0,0,-0.10036,0,0
42.1,0.90836,-0.095559,-0.0051795,0.00034751,-0.0012193,0.029082,39.911,-5.0345,-0.070254,-0.0095014,-0.011786,0.23062,0,0,0,-0.095993,0,0
42.2,0.90825,-0.095396,-0.0051939,0.00037368,-0.0012153,0.028853,40.001,-5.023,-0.071363,-0.009501,-0.01188,0.23353,0,0,0,-0.09163,0,0
42.3,0.90816,-0.095214,-0.0052073,0.00040036,-0.0012109,0.028614,40.092,-5.0113,-0.072486,-0.0094979,-0.011974,0.23641,0,0,0,-0.087266,0,0
42.4,0.90808,-0.095015,-0.0052196,0.00042749,-0.001206,0.028365,40.182,-4.9993,-0.073624,-0.0094921,-0.012068,0.23928,0,0,0,-0.082903,0,0
42.5,0.90802,-0.094797,-0.0052307,0.00045498,-0.0012006,0.028107,40.273,-4.987,-0.074775,-0.0094836,-0.012162,0.24212,0,0,0,-0.07854,0,0
42.6,0.90797,-0.094561,-0.0052407,0.00048279,-0.0011946,0.027838,40.363,-4.9744,-0.075938,-0.0094723,-0.012255,0.24493,0,0,0,-0.074176,0,0
42.7,0.90792,-0.094307,-0.0052495,0.00051084,-0.0011882,0.027561,40.454,-4.9616,-0.077113,-0.0094582,-0.012348,0.24771,0,0,0,-0.069813,0,0
42.8,0.9079,-0.094035,-0.0052571,0.00053908,-0.0011812,0.027275,40.544,-4.9485,-0.078299,-0.0094411,-0.012441,0.25047,0,0,0,-0.06545,0,0
42.9,0.90788,-0.093744,-0.0052634,0.00056745,-0.0011737,0.02698,40.634,-4.9351,-0.079496,-0.0094212,-0.012533,0.2532,0,0,0,-0.061087,0,0
43,0.90788,-0.093435,-0.0052686,0.00059589,-0.0011656,0.026676,40.724,-4.9214,-0.080701,-0.0093983,-0.012625,0.2559,0,0,0,-0.056723,0,0
43.1,0.90788,-0.093108,-0.0052725,0.00062434,-0.001157,0.026364,40.815,-4.9075,-0.081915,-0.0093724,-0.012717,0.25857,0,0,0,-0.05236,0,0
43.2,0.9079,-0.092763,-0.0052751,0.00065276,-0.0011477,0.026044,40.905,-4.8933,-0.083136,-0.0093435,-0.012808,0.2612,0,0,0,-0.047997,0,0
43.3,0.90794,-0.092399,-0.0052765,0.0006811,-0.0011379,0.025716,40.995,-4.8788,-0.084363,-0.0093116,-0.012898,0.26381,0,0,0,-0.043633,0,0
43.4,0.90798,-0.092017,-0.0052766,0.0007093,-0.0011275,0.02538,41.085,-4.8641,-0.085597,-0.0092766,-0.012988,0.26638,0,0,0,-0.03927,0,0
43.5,0.90803,-0.091618,-0.0052754,0.00073733,-0.0011165,0.025037,41.175,-4.849,-0.086835,-0.0092387,-0.013077,0.26892,0,0,0,-0.034907,0,0
43.6,0.9081,-0.0912,-0.0052729,0.00076514,-0.0011048,0.024686,41.265,-4.8337,-0.088076,-0.0091977,-0.013166,0.27143,0,0,0,-0.030543,0,0
43.7,0.90817,-0.090764,-0.0052692,0.00079268,-0.0010926,0.024328,41.355,-4.8182,-0.089321,-0.0091537,-0.013253,0.2739,0,0,0,-0.02618,0,0
43.8,0.90826,-0.090309,-0.0052641,0.00081993,-0.0010797,0.023963,41.445,-4.8024,-0.090567,-0.0091067,-0.01334,0.27633,0,0,0,-0.021817,0,0
43.9,0.90836,-0.089837,-0.0052578,0.00084685,-0.0010662,0.023591,41.534,-4.7863,-0.091814,-0.0090567,-0.013426,0.27873,0,0,0,-0.017453,0,0
44,0.90846,-0.089347,-0.0052502,0.0008734,-0.0010521,0.023212,41.624,-4.7699,-0.093062,-0.0090037,-0.013512,0.28109,0,0,0,-0.01309,0,0
44.1,0.90858,-0.088839,-0.0052413,0.00089955,-0.0010373,0.022827,41.714,-4.7533,-0.094308,-0.0089477,-0.013596,0.28341,0,0,0,-0.0087266,0,0
44.2,0.90871,-0.088313,-0.0052312,0.00092527,-0.0010219,0.022435,41.804,-4.7365,-0.095552,-0.0088888,-0.013679,0.28569,0,0,0,-0.0043633,0,0
44.3,0.90884,-0.087769,-0.0052198,0.00095053,-0.001006,0.022037,41.893,-4.7193,-0.096793,-0.008827,-0.013762,0.28794,0,0,0,1.4919e-16,0,0
44.4,0.90899,-0.087208,-0.0052071,0.00097531,-0.00098934,0.021632,41.983,-4.7019,-0.09803,-0.0087623,-0.013843,0.29014,0,0,0,0.0043633,0,0
44.5,0.90914,-0.086628,-0.0051932,0.00099959,-0.00097211,0.021222,42.073,-4.6843,-0.099261,-0.0086947,-0.013923,0.29231,0,0,0,0.0087266,0,0
44.6,0.90931,-0.086031,-0.0051781,0.0010233,-0.00095427,0.020805,42.162,-4.6664,-0.10049,-0.0086243,-0.014001,0.29443,0,0,0,0.01309,0,0
44.7,0.90948,-0.085417,-0.0051618,0.0010465,-0.00093581,0.020382,42.252,-4.6483,-0.10171,-0.0085511,-0.014079,0.29651,0,0,0,0.017453,0,0
44.8,0.90966,-0.084784,-0.0051443,0.0010692,-0.00091676,0.019954,42.341,-4.6299,-0.10292,-0.0084752,-0.014155,0.29855,0,0,0,0.021817,0,0
44.9,0.90984,-0.084134,-0.0051255,0.0010912,-0.0008971,0.01952,42.431,-4.6112,-0.10412,-0.0083965,-0.01423,0.30055,0,0,0,0.02618,0,0
45,0.91004,-0.083467,-0.0051057,0.0011127,-0.00087686,0.019081,42.52,-4.5923,-0.10531,-0.0083152,-0.014303,0.3025,0,0,0,0.030543,0,0
45.1,0.91024,-0.082782,-0.0050846,0.0011335,-0.00085604,0.018636,42.609,-4.5732,-0.10649,-0.0082312,-0.014375,0.30441,0,0,0,0.034907,0,0
45.2,0.91045,-0.08208,-0.0050625,0.0011537,-0.00083464,0.018186,42.699,-4.5538,-0.10766,-0.0081447,-0.014445,0.30627,0,0,0,0.03927,0,0
45.3,0.91066,-0.081361,-0.0050392,0.0011733,-0.00081268,0.01773,42.788,-4.5342,-0.10881,-0.0080556,-0.014514,0.30809,0,0,0,0.043633,0,0
45.4,0.91088,-0.080624,-0.0050149,0.0011922,-0.00079018,0.017269,42.877,-4.5143,-0.10996,-0.007964,-0.014581,0.30987,0,0,0,0.047997,0,0
45.5,0.91111,-0.07987,-0.0049895,0.0012104,-0.00076713,0.016804,42.966,-4.4942,-0.11108,-0.00787,-0.014646,0.31159,0,0,0,0.05236,0,0
45.6,0.91134,-0.079099,-0.0049631,0.001228,-0.00074355,0.016333,43.055,-4.4739,-0.11219,-0.0077735,-0.01471,0.31328,0,0,0,0.056723,0,0
45.7,0.91158,-0.078311,-0.0049356,0.0012449,-0.00071947,0.015857,43.145,-4.4534,-0.11328,-0.0076748,-0.014771,0.31491,0,0,0,0.061087,0,0
45.8,0.91182,-0.077505,-0.0049072,0.0012612,-0.00069488,0.015377,43.234,-4.4326,-0.11436,-0.0075737,-0.014831,0.3165,0,0,0,0.06545,0,0
45.9,0.91206,-0.076683,-0.0048778,0.0012767,-0.0006698,0.014892,43.323,-4.4116,-0.11542,-0.0074704,-0.014889,0.31803,0,0,0,0.069813,0,0
46,0.91231,-0.075844,-0.0048474,0.0012916,-0.00064425,0.014402,43.412,-4.3904,-0.11645,-0.0073649,-0.014945,0.31952,0,0,0,0.074176,0,0
46.1,0.91256,-0.074988,-0.0048162,0.0013057,-0.00061825,0.013907,43.501,-4.3689,-0.11747,-0.0072573,-0.014999,0.32096,0,0,0,0.07854,0,0
46.2,0.91282,-0.074115,-0.0047841,0.0013192,-0.0005918,0.013408,43.59,-4.3472,-0.11846,-0.0071476,-0.01505,0.32236,0,0,0,0.082903,0,0
46.3,0.91308,-0.073226,-0.0047511,0.001332,-0.00056494,0.012904,43.679,-4.3254,-0.11943,-0.0070358,-0.0151,0.3237,0,0,0,0.087266,0,0
46.4,0.91334,-0.07232,-0.0047174,0.001344,-0.00053767,0.012396,43.768,-4.3033,-0.12038,-0.0069221,-0.015147,0.32499,0,0,0,0.09163,0,0
46.5,0.9136,-0.071397,-0.0046828,0.0013554,-0.00051001,0.011884,43.856,-4.281,-0.1213,-0.0068065,-0.015192,0.32623,0,0,0,0.095993,0,0
46.6,0.91387,-0.070458,-0.0046475,0.0013661,-0.00048198,0.011367,43.945,-4.2584,-0.1222,-0.006689,-0.015235,0.32742,0,0,0,0.10036,0,0
46.7,0.91413,-0.069502,-0.0046115,0.0013761,-0.0004536,0.010846,44.034,-4.2357,-0.12307,-0.0065697,-0.015276,0.32855,0,0,0,0.10472,0,0
46.8,0.9144,-0.06853,-0.0045748,0.0013853,-0.00042489,0.010321,44.123,-4.2128,-0.12391,-0.0064487,-0.015314,0.32964,0,0,0,0.10908,0,0
46.9,0.91467,-0.067542,-0.0045374,0.0013939,-0.00039587,0.009792,44.211,-4.1897,-0.12472,-0.006326,-0.01535,0.33067,0,0,0,0.11345,0,0
47,0.91493,-0.066537,-0.0044994,0.0014018,-0.00036656,0.0092587,44.3,-4.1664,-0.12551,-0.0062016,-0.015383,0.33165,0,0,0,0.11781,0,0
47.1,0.9152,-0.065516,-0.0044609,0.001409,-0.00033698,0.0087215,44.389,-4.1429,-0.12627,-0.0060757,-0.015414,0.33258,0,0,0,0.12217,0,0
47.2,0.91546,-0.064479,-0.0044218,0.0014155,-0.00030715,0.0081802,44.477,-4.1192,-0.12699,-0.0059482,-0.015443,0.33345,0,0,0,0.12654,0,0
47.3,0.91572,-0.063425,-0.0043822,0.0014214,-0.0002771,0.007635,44.566,-4.0954,-0.12769,-0.0058193,-0.015469,0.33427,0,0,0,0.1309,0,0
47.4,0.91599,-0.062356,-0.0043421,0.0014265,-0.00024684,0.007086,44.655,-4.0713,-0.12835,-0.005689,-0.015492,0.33503,0,0,0,0.13526,0,0
47.5,0.91624,-0.061271,-0.0043016,0.001431,-0.00021639,0.0065331,44.743,-4.0471,-0.12898,-0.0055573,-0.015513,0.33574,0,0,0,0.13963,0,0
47.6,0.9165,-0.06017,-0.0042607,0.0014349,-0.00018579,0.0059765,44.832,-4.0227,-0.12957,-0.0054244,-0.015531,0.33639,0,0,0,0.14399,0,0
47.7,0.91675,-0.059053,-0.0042194,0.0014381,-0.00015506,0.0054161,44.92,-3.9981,-0.13013,-0.0052902,-0.015546,0.33699,0,0,0,0.14835,0,0
47.8,0.917,-0.05792,-0.0041779,0.0014407,-0.0001242,0.0048521,45.009,-3.9734,-0.13066,-0.0051548,-0.015558,0.33753,0,0,0,0.15272,0,0
47.9,0.91724,-0.056771,-0.004136,0.0014426,-9.3264e-05,0.0042844,45.097,-3.9485,-0.13114,-0.0050183,-0.015568,0.33802,0,0,0,0.15708,0,0
48,0.91748,-0.055607,-0.0040939,0.0014439,-6.2257e-05,0.0037132,45.185,-3.9235,-0.1316,-0.0048807,-0.015576,0.33845,0,0,0,0.16144,0,0
48.1,0.91772,-0.054428,-0.0040516,0.0014446,-3.1209e-05,0.0031384,45.274,-3.8982,-0.13201,-0.0047421,-0.01558,0.33882,0,0,0,0.16581,0,0
48.2,0.91794,-0.053232,-0.0040092,0.0014447,-1.4409e-07,0.0025601,45.362,-3.8729,-0.13239,-0.0046025,-0.015582,0.33913,0,0,0,0.17017,0,0
48.3,0.91817,-0.052022,-0.0039666,0.0014442,3.0914e-05,0.0019783,45.451,-3.8474,-0.13273,-0.004462,-0.01558,0.33939,0,0,0,0.17453,0,0
48.4,0.91838,-0.050796,-0.003924,0.0014431,6.194e-05,0.0013931,45.539,-3.8217,-0.13303,-0.0043207,-0.015576,0.33959,0,0,0,0.17453,0,0
48.5,0.91859,-0.049568,-0.0038813,0.0014398,9.2886e-05,0.00082145,45.627,-3.7959,-0.13329,-0.0041786,-0.01557,0.33973,0,0,0,0.17453,0,0
48.6,0.9188,-0.04834,-0.0038387,0.0014344,0.00012371,0.0002629,45.715,-3.77,-0.13351,-0.0040358,-0.01556,0.33981,0,0,0,0.17453,0,0
48.7,0.919,-0.047111,-0.0037962,0.0014269,0.00015437,-0.00028293,45.804,-3.7439,-0.13369,-0.0038928,-0.015548,0.33983,0,0,0,0.17453,0,0
48.8,0.91919,-0.045882,-0.0037538,0.0014174,0.00018482,-0.00081642,45.892,-3.7177,-0.13383,-0.0037497,-0.015532,0.33981,0,0,0,0.17453,0,0
48.9,0.91938,-0.044652,-0.0037116,0.001406,0.00021504,-0.0013379,45.98,-3.6914,-0.13393,-0.0036067,-0.015514,0.33972,0,0,0,0.17453,0,0
49,0.91957,-0.043424,-0.0036696,0.0013928,0.00024497,-0.0018479,46.068,-3.665,-0.13399,-0.003464,-0.015493,0.33959,0,0,0,0.17453,0,0
49.1,0.91975,-0.042196,-0.0036279,0.0013779,0.00027459,-0.0023465,46.156,-3.6385,-0.13401,-0.0033218,-0.015469,0.33941,0,0,0,0.17453,0,0
49.2,0.91993,-0.04097,-0.0035866,0.0013613,0.00030386,-0.0028342,46.244,-3.6118,-0.13399,-0.0031804,-0.015443,0.33917,0,0,0,0.17453,0,0
49.3,0.9201,-0.039745,-0.0035456,0.0013432,0.00033275,-0.0033113,46.333,-3.5851,-0.13393,-0.0030399,-0.015413,0.33889,0,0,0,0.17453,0,0
49.4,0.92027,-0.038521,-0.0035051,0.0013237,0.00036122,-0.0037781,46.421,-3.5583,-0.13383,-0.0029005,-0.015381,0.33856,0,0,0,0.17453,0,0
49.5,0.92043,-0.0373,-0.003465,0.001303,0.00038925,-0.0042349,46.509,-3.5313,-0.13369,-0.0027623,-0.015346,0.33818,0,0,0,0.17453,0,0
49.6,0.92059,-0.036081,-0.0034254,0.0012811,0.00041681,-0.004682,46.597,-3.5043,-0.13352,-0.0026255,-0.015308,0.33775,0,0,0,0.17453,0,0
49.7,0.92075,-0.034865,-0.0033863,0.0012583,0.00044387,-0.0051197,46.685,-3.4772,-0.1333,-0.0024902,-0.015268,0.33729,0,0,0,0.17453,0,0
49.8,0.92089,-0.033652,-0.0033477,0.0012345,0.00047041,-0.0055482,46.773,-3.4501,-0.13305,-0.0023566,-0.015224,0.33677,0,0,0,0.17453,0,0
49.9,0.92104,-0.032442,-0.0033096,0.0012099,0.0004964,-0.0059679,46.861,-3.4228,-0.13276,-0.0022247,-0.015179,0.33622,0,0,0,0.17453,0,0
50,0.92118,-0.031235,-0.0032722,0.0011847,0.00052182,-0.0063789,46.949,-3.3955,-0.13243,-0.0020946,-0.01513,0.33562,0,0,0,0.17453,0,0
