0.1,1,-2.7229,-1.3359,-0.22912+0.12818i,-0.22912-0.12818i
0.1,1.1,-2.7525,-1.3187,-0.22289+0.13926i,-0.22289-0.13926i
0.1,1.2,-2.7811,-1.3027,-0.21658+0.14931i,-0.21658-0.14931i
0.1,1.3,-2.8088,-1.2877,-0.21022+0.15851i,-0.21022-0.15851i
0.1,1.4,-2.8357,-1.2736,-0.20379+0.16699i,-0.20379-0.16699i
0.1,1.5,-2.8619,-1.2604,-0.19732+0.17484i,-0.19732-0.17484i
0.1,1.6,-2.8874,-1.248,-0.19079+0.18214i,-0.19079-0.18214i
0.1,1.7,-2.9123,-1.2362,-0.18423+0.18894i,-0.18423-0.18894i
0.1,1.8,-2.9366,-1.2252,-0.17763+0.19528i,-0.17763-0.19528i
0.1,1.9,-2.9603,-1.2147,-0.17099+0.20121i,-0.17099-0.20121i
0.1,2,-2.9835,-1.2048,-0.16433+0.20675i,-0.16433-0.20675i
0.1,2.1,-3.0062,-1.1955,-0.15765+0.21192i,-0.15765-0.21192i
0.1,2.2,-3.0285,-1.1866,-0.15094+0.21676i,-0.15094-0.21676i
0.1,2.3,-3.0504,-1.1781,-0.14422+0.22128i,-0.14422-0.22128i
0.1,2.4,-3.0719,-1.1701,-0.13749+0.22549i,-0.13749-0.22549i
0.1,2.5,-3.093,-1.1625,-0.13075+0.22942i,-0.13075-0.22942i
0.1,2.6,-3.1137,-1.1553,-0.12401+0.23307i,-0.12401-0.23307i
0.1,2.7,-3.1341,-1.1484,-0.11726+0.23645i,-0.11726-0.23645i
0.1,2.8,-3.1541,-1.1418,-0.11051+0.23959i,-0.11051-0.23959i
0.1,2.9,-3.1739,-1.1355,-0.10377+0.24248i,-0.10377-0.24248i
0.1,3,-3.1934,-1.1296,-0.097032+0.24514i,-0.097032-0.24514i
0.1,3.1,-3.2125,-1.1238,-0.0903+0.24757i,-0.0903-0.24757i
0.1,3.2,-3.2315,-1.1184,-0.083578+0.24978i,-0.083578-0.24978i
0.1,3.3,-3.2501,-1.1131,-0.076867+0.25178i,-0.076867-0.25178i
0.1,3.4,-3.2685,-1.1081,-0.070169+0.25357i,-0.070169-0.25357i
0.1,3.5,-3.2867,-1.1033,-0.063485+0.25516i,-0.063485-0.25516i
0.1,3.6,-3.3046,-1.0987,-0.056816+0.25656i,-0.056816-0.25656i
0.1,3.7,-3.3223,-1.0943,-0.050164+0.25777i,-0.050164-0.25777i
0.1,3.8,-3.3398,-1.0901,-0.043531+0.25879i,-0.043531-0.25879i
0.1,3.9,-3.3571,-1.086,-0.036916+0.25962i,-0.036916-0.25962i
0.1,4,-3.3743,-1.0821,-0.030321+0.26028i,-0.030321-0.26028i
0.1,4.1,-3.3912,-1.0783,-0.023747+0.26077i,-0.023747-0.26077i
0.1,4.2,-3.4079,-1.0747,-0.017195+0.26108i,-0.017195-0.26108i
0.1,4.3,-3.4244,-1.0712,-0.010664+0.26122i,-0.010664-0.26122i
0.1,4.4,-3.4408,-1.0679,-0.0041568+0.26119i,-0.0041568-0.26119i
0.2,1,-2.7785,-1.2714,-0.23357+0.29563i,-0.23357-0.29563i
0.2,1.1,-2.8058,-1.2577,-0.22675+0.30114i,-0.22675-0.30114i
0.2,1.2,-2.8323,-1.2449,-0.21988+0.30638i,-0.21988-0.30638i
0.2,1.3,-2.8582,-1.2329,-0.21298+0.31136i,-0.21298-0.31136i
0.2,1.4,-2.8833,-1.2216,-0.20604+0.31609i,-0.20604-0.31609i
0.2,1.5,-2.9079,-1.2109,-0.19907+0.32058i,-0.19907-0.32058i
0.2,1.6,-2.9319,-1.2009,-0.19208+0.32484i,-0.19208-0.32484i
0.2,1.7,-2.9554,-1.1914,-0.18508+0.32887i,-0.18508-0.32887i
0.2,1.8,-2.9784,-1.1825,-0.17805+0.33268i,-0.17805-0.33268i
0.2,1.9,-3.001,-1.174,-0.17103+0.33628i,-0.17103-0.33628i
0.2,2,-3.0231,-1.1659,-0.16399+0.33966i,-0.16399-0.33966i
0.2,2.1,-3.0448,-1.1583,-0.15695+0.34285i,-0.15695-0.34285i
0.2,2.2,-3.0661,-1.1511,-0.14992+0.34584i,-0.14992-0.34584i
0.2,2.3,-3.087,-1.1442,-0.14288+0.34864i,-0.14288-0.34864i
0.2,2.4,-3.1076,-1.1376,-0.13586+0.35125i,-0.13586-0.35125i
0.2,2.5,-3.1279,-1.1314,-0.12884+0.35368i,-0.12884-0.35368i
0.2,2.6,-3.1478,-1.1255,-0.12184+0.35594i,-0.12184-0.35594i
0.2,2.7,-3.1675,-1.1198,-0.11485+0.35802i,-0.11485-0.35802i
0.2,2.8,-3.1868,-1.1144,-0.10788+0.35994i,-0.10788-0.35994i
0.2,2.9,-3.2059,-1.1092,-0.10092+0.3617i,-0.10092-0.3617i
0.2,3,-3.2247,-1.1043,-0.093981+0.36329i,-0.093981-0.36329i
0.2,3.1,-3.2433,-1.0995,-0.087064+0.36473i,-0.087064-0.36473i
0.2,3.2,-3.2616,-1.095,-0.080167+0.36602i,-0.080167-0.36602i
0.2,3.3,-3.2797,-1.0907,-0.073294+0.36716i,-0.073294-0.36716i
0.2,3.4,-3.2976,-1.0865,-0.066444+0.36816i,-0.066444-0.36816i
0.2,3.5,-3.3153,-1.0825,-0.059619+0.36901i,-0.059619-0.36901i
0.2,3.6,-3.3327,-1.0786,-0.052819+0.36973i,-0.052819-0.36973i
0.2,3.7,-3.3499,-1.0749,-0.046045+0.37031i,-0.046045-0.37031i
0.2,3.8,-3.367,-1.0714,-0.039298+0.37075i,-0.039298-0.37075i
0.2,3.9,-3.3839,-1.068,-0.032578+0.37107i,-0.032578-0.37107i
0.2,4,-3.4005,-1.0647,-0.025885+0.37125i,-0.025885-0.37125i
0.2,4.1,-3.417,-1.0615,-0.01922+0.37131i,-0.01922-0.37131i
0.2,4.2,-3.4334,-1.0584,-0.012584+0.37125i,-0.012584-0.37125i
0.2,4.3,-3.4495,-1.0555,-0.0059754+0.37106i,-0.0059754-0.37106i
0.3,1,-0.23511+0.4038i,-0.23511-0.4038i,-1.2177,-2.829
0.3,1.1,-0.22778+0.40797i,-0.22778-0.40797i,-1.2069,-2.8545
0.3,1.2,-2.8794,-0.22043+0.41193i,-0.22043-0.41193i,-1.1968
0.3,1.3,-2.9037,-0.21307+0.41569i,-0.21307-0.41569i,-1.1872
0.3,1.4,-2.9274,-0.2057+0.41925i,-0.2057-0.41925i,-1.1782
0.3,1.5,-2.9507,-0.19833+0.42261i,-0.19833-0.42261i,-1.1696
0.3,1.6,-2.9735,-0.19096+0.42579i,-0.19096-0.42579i,-1.1616
0.3,1.7,-2.9958,-0.1836+0.42879i,-0.1836-0.42879i,-1.154
0.3,1.8,-3.0177,-0.17625+0.43161i,-0.17625-0.43161i,-1.1468
0.3,1.9,-3.0392,-1.1399,-0.16892+0.43425i,-0.16892-0.43425i
0.3,2,-3.0604,-1.1334,-0.16159+0.43673i,-0.16159-0.43673i
0.3,2.1,-3.0812,-1.1272,-0.15429+0.43904i,-0.15429-0.43904i
0.3,2.2,-3.1016,-1.1213,-0.147+0.4412i,-0.147-0.4412i
0.3,2.3,-3.1218,-1.1157,-0.13974+0.44319i,-0.13974-0.44319i
0.3,2.4,-3.1416,-1.1104,-0.1325+0.44504i,-0.1325-0.44504i
0.3,2.5,-3.1612,-1.1053,-0.12528+0.44674i,-0.12528-0.44674i
0.3,2.6,-3.1804,-1.1004,-0.11809+0.4483i,-0.11809-0.4483i
0.3,2.7,-3.1994,-1.0957,-0.11093+0.44972i,-0.11093-0.44972i
0.3,2.8,-3.2181,-1.0913,-0.10379+0.451i,-0.10379-0.451i
0.3,2.9,-3.2366,-1.087,-0.096686+0.45215i,-0.096686-0.45215i
0.3,3,-3.2549,-1.0829,-0.089611+0.45317i,-0.089611-0.45317i
0.3,3.1,-3.2729,-1.079,-0.082566+0.45407i,-0.082566-0.45407i
0.3,3.2,-3.2907,-1.0752,-0.075552+0.45484i,-0.075552-0.45484i
0.3,3.3,-3.3083,-1.0716,-0.068571+0.45549i,-0.068571-0.45549i
0.3,3.4,-3.3256,-1.0681,-0.061621+0.45602i,-0.061621-0.45602i
0.3,3.5,-3.3428,-1.0648,-0.054704+0.45643i,-0.054704-0.45643i
0.3,3.6,-3.3598,-1.0615,-0.04782+0.45673i,-0.04782-0.45673i
0.3,3.7,-3.3766,-1.0584,-0.040968+0.45692i,-0.040968-0.45692i
0.3,3.8,-3.3932,-1.0554,-0.03415+0.45701i,-0.03415-0.45701i
0.3,3.9,-3.4097,-1.0526,-0.027365+0.45698i,-0.027365-0.45698i
0.3,4,-3.426,-1.0498,-0.020613+0.45685i,-0.020613-0.45685i
0.3,4.1,-3.4421,-1.0471,-0.013894+0.45661i,-0.013894-0.45661i
0.3,4.2,-3.4581,-1.0445,-0.007208+0.45628i,-0.007208-0.45628i
0.3,4.3,-3.4739,-1.042,-0.00055548+0.45584i,-0.00055548-0.45584i
0.4,1,-0.23388+0.49239i,-0.23388-0.49239i,-1.1737,-2.8755
0.4,1.1,-0.22614+0.49569i,-0.22614-0.49569i,-1.1652,-2.8995
0.4,1.2,-2.923,-0.21842+0.4988i,-0.21842-0.4988i,-1.1571
0.4,1.3,-2.946,-0.21071+0.50173i,-0.21071-0.50173i,-1.1495
0.4,1.4,-2.9686,-0.20302+0.5045i,-0.20302-0.5045i,-1.1423
0.4,1.5,-2.9907,-0.19535+0.50709i,-0.19535-0.50709i,-1.1355
0.4,1.6,-3.0125,-0.18771+0.50952i,-0.18771-0.50952i,-1.1291
0.4,1.7,-3.0338,-1.123,-0.1801+0.5118i,-0.1801-0.5118i
0.4,1.8,-3.0548,-1.1171,-0.17251+0.51392i,-0.17251-0.51392i
0.4,1.9,-3.0755,-1.1116,-0.16496+0.51589i,-0.16496-0.51589i
0.4,2,-3.0958,-1.1063,-0.15744+0.51772i,-0.15744-0.51772i
0.4,2.1,-3.1158,-1.1013,-0.14995+0.5194i,-0.14995-0.5194i
0.4,2.2,-3.1355,-1.0965,-0.14249+0.52096i,-0.14249-0.52096i
0.4,2.3,-3.1549,-1.0919,-0.13507+0.52237i,-0.13507-0.52237i
0.4,2.4,-3.1741,-1.0875,-0.12769+0.52366i,-0.12769-0.52366i
0.4,2.5,-3.193,-1.0833,-0.12034+0.52483i,-0.12034-0.52483i
0.4,2.6,-3.2116,-1.0793,-0.11303+0.52587i,-0.11303-0.52587i
0.4,2.7,-3.23,-1.0755,-0.10575+0.5268i,-0.10575-0.5268i
0.4,2.8,-3.2482,-1.0718,-0.098519+0.52761i,-0.098519-0.52761i
0.4,2.9,-3.2661,-1.0682,-0.091322+0.5283i,-0.091322-0.5283i
0.4,3,-3.2838,-1.0648,-0.084163+0.52889i,-0.084163-0.52889i
0.4,3.1,-3.3013,-1.0616,-0.077042+0.52937i,-0.077042-0.52937i
0.4,3.2,-3.3187,-1.0584,-0.06996+0.52974i,-0.06996-0.52974i
0.4,3.3,-3.3358,-1.0554,-0.062916+0.53001i,-0.062916-0.53001i
0.4,3.4,-3.3527,-1.0525,-0.05591+0.53018i,-0.05591-0.53018i
0.4,3.5,-3.3695,-1.0496,-0.048942+0.53025i,-0.048942-0.53025i
0.4,3.6,-3.386,-1.0469,-0.042013+0.53023i,-0.042013-0.53023i
0.4,3.7,-3.4024,-1.0443,-0.035121+0.53011i,-0.035121-0.53011i
0.4,3.8,-3.4187,-1.0418,-0.028266+0.5299i,-0.028266-0.5299i
0.4,3.9,-3.4348,-1.0393,-0.02145+0.5296i,-0.02145-0.5296i
0.4,4,-3.4507,-1.037,-0.01467+0.5292i,-0.01467-0.5292i
0.4,4.1,-3.4665,-1.0347,-0.0079271+0.52873i,-0.0079271-0.52873i
0.4,4.2,-3.4821,-1.0325,-0.0012208+0.52816i,-0.0012208-0.52816i
0.5,1,-0.23022+0.56963i,-0.23022-0.56963i,-1.1378,-2.9187
0.5,1.1,-0.2222+0.5722i,-0.2222-0.5722i,-1.1311,-2.9415
0.5,1.2,-2.9639,-0.21422+0.57461i,-0.21422-0.57461i,-1.1247
0.5,1.3,-2.9858,-0.20628+0.57687i,-0.20628-0.57687i,-1.1186
0.5,1.4,-3.0073,-0.19837+0.57897i,-0.19837-0.57897i,-1.1129
0.5,1.5,-3.0285,-0.19051+0.58093i,-0.19051-0.58093i,-1.1074
0.5,1.6,-3.0494,-1.1022,-0.18269+0.58275i,-0.18269-0.58275i
0.5,1.7,-3.0699,-1.0973,-0.17492+0.58443i,-0.17492-0.58443i
0.5,1.8,-3.09,-1.0926,-0.16718+0.58597i,-0.16718-0.58597i
0.5,1.9,-3.1099,-1.0881,-0.15949+0.58739i,-0.15949-0.58739i
0.5,2,-3.1295,-1.0838,-0.15185+0.58868i,-0.15185-0.58868i
0.5,2.1,-3.1488,-1.0797,-0.14425+0.58986i,-0.14425-0.58986i
0.5,2.2,-3.1678,-1.0757,-0.13669+0.59091i,-0.13669-0.59091i
0.5,2.3,-3.1866,-1.072,-0.12918+0.59185i,-0.12918-0.59185i
0.5,2.4,-3.2052,-1.0684,-0.12172+0.59268i,-0.12172-0.59268i
0.5,2.5,-3.2235,-1.0649,-0.1143+0.5934i,-0.1143-0.5934i
0.5,2.6,-3.2416,-1.0616,-0.10692+0.59402i,-0.10692-0.59402i
0.5,2.7,-3.2594,-1.0584,-0.09959+0.59454i,-0.09959-0.59454i
0.5,2.8,-3.2771,-1.0553,-0.092303+0.59495i,-0.092303-0.59495i
0.5,2.9,-3.2945,-1.0523,-0.085061+0.59527i,-0.085061-0.59527i
0.5,3,-3.3118,-1.0495,-0.077862+0.59549i,-0.077862-0.59549i
0.5,3.1,-3.3288,-1.0467,-0.070707+0.59563i,-0.070707-0.59563i
0.5,3.2,-3.3457,-1.0441,-0.063595+0.59567i,-0.063595-0.59567i
0.5,3.3,-3.3624,-1.0415,-0.056525+0.59562i,-0.056525-0.59562i
0.5,3.4,-3.3789,-1.0391,-0.049498+0.59549i,-0.049498-0.59549i
0.5,3.5,-3.3953,-1.0367,-0.042513+0.59527i,-0.042513-0.59527i
0.5,3.6,-3.4115,-1.0344,-0.035569+0.59497i,-0.035569-0.59497i
0.5,3.7,-3.4275,-1.0322,-0.028666+0.59458i,-0.028666-0.59458i
0.5,3.8,-3.4434,-1.03,-0.021804+0.59412i,-0.021804-0.59412i
0.5,3.9,-3.4591,-1.0279,-0.014982+0.59358i,-0.014982-0.59358i
0.5,4,-3.4747,-1.0259,-0.0082001+0.59296i,-0.0082001-0.59296i
0.5,4.1,-3.4901,-1.0239,-0.0014571+0.59227i,-0.0014571-0.59227i
0.6,1,-0.22458+0.63884i,-0.22458-0.63884i,-1.1086,-2.9592
0.6,1.1,-0.21639+0.64078i,-0.21639-0.64078i,-1.1032,-2.981
0.6,1.2,-3.0023,-0.20826+0.64257i,-0.20826-0.64257i,-1.0981
0.6,1.3,-3.0233,-0.20018+0.64424i,-0.20018-0.64424i,-1.0933
0.6,1.4,-3.044,-0.19216+0.64577i,-0.19216-0.64577i,-1.0887
0.6,1.5,-3.0643,-1.0843,-0.18419+0.64717i,-0.18419-0.64717i
0.6,1.6,-3.0844,-1.0801,-0.17627+0.64846i,-0.17627-0.64846i
0.6,1.7,-3.1041,-1.076,-0.16841+0.64962i,-0.16841-0.64962i
0.6,1.8,-3.1236,-1.0722,-0.1606+0.65068i,-0.1606-0.65068i
0.6,1.9,-3.1428,-1.0685,-0.15284+0.65162i,-0.15284-0.65162i
0.6,2,-3.1617,-1.065,-0.14514+0.65245i,-0.14514-0.65245i
0.6,2.1,-3.1804,-1.0616,-0.13749+0.65318i,-0.13749-0.65318i
0.6,2.2,-3.1988,-1.0584,-0.12989+0.65381i,-0.12989-0.65381i
0.6,2.3,-3.2171,-1.0552,-0.12234+0.65434i,-0.12234-0.65434i
0.6,2.4,-3.235,-1.0522,-0.11485+0.65477i,-0.11485-0.65477i
0.6,2.5,-3.2528,-1.0494,-0.1074+0.65512i,-0.1074-0.65512i
0.6,2.6,-3.2704,-1.0466,-0.1+0.65537i,-0.1-0.65537i
0.6,2.7,-3.2878,-1.0439,-0.092656+0.65553i,-0.092656-0.65553i
0.6,2.8,-3.3049,-1.0413,-0.085356+0.65561i,-0.085356-0.65561i
0.6,2.9,-3.3219,-1.0388,-0.078105+0.6556i,-0.078105-0.6556i
0.6,3,-3.3388,-1.0364,-0.070901+0.65551i,-0.070901-0.65551i
0.6,3.1,-3.3554,-1.0341,-0.063743+0.65535i,-0.063743-0.65535i
0.6,3.2,-3.3719,-1.0319,-0.056632+0.6551i,-0.056632-0.6551i
0.6,3.3,-3.3882,-1.0297,-0.049566+0.65478i,-0.049566-0.65478i
0.6,3.4,-3.4043,-1.0276,-0.042545+0.65438i,-0.042545-0.65438i
0.6,3.5,-3.4203,-1.0256,-0.035568+0.65391i,-0.035568-0.65391i
0.6,3.6,-3.4361,-1.0236,-0.028634+0.65336i,-0.028634-0.65336i
0.6,3.7,-3.4518,-1.0217,-0.021743+0.65275i,-0.021743-0.65275i
0.6,3.8,-3.4674,-1.0198,-0.014895+0.65207i,-0.014895-0.65207i
0.6,3.9,-3.4828,-1.018,-0.0080883+0.65131i,-0.0080883-0.65131i
0.6,4,-3.498,-1.0163,-0.0013228+0.6505i,-0.0013228-0.6505i
0.7,1,-0.21741+0.70179i,-0.21741-0.70179i,-1.0847,-2.9974
0.7,1.1,-0.20915+0.70316i,-0.20915-0.70316i,-1.0804,-3.0182
0.7,1.2,-3.0387,-0.20095+0.70442i,-0.20095-0.70442i,-1.0763
0.7,1.3,-3.0589,-0.19282+0.70556i,-0.19282-0.70556i,-1.0724
0.7,1.4,-3.0788,-1.0687,-0.18475+0.7066i,-0.18475-0.7066i
0.7,1.5,-3.0984,-1.0651,-0.17674+0.70752i,-0.17674-0.70752i
0.7,1.6,-3.1178,-1.0616,-0.16879+0.70834i,-0.16879-0.70834i
0.7,1.7,-3.1369,-1.0583,-0.1609+0.70906i,-0.1609-0.70906i
0.7,1.8,-3.1557,-1.0552,-0.15307+0.70968i,-0.15307-0.70968i
0.7,1.9,-3.1743,-1.0521,-0.1453+0.7102i,-0.1453-0.7102i
0.7,2,-3.1926,-1.0492,-0.13759+0.71064i,-0.13759-0.71064i
0.7,2.1,-3.2107,-1.0464,-0.12993+0.71098i,-0.12993-0.71098i
0.7,2.2,-3.2286,-1.0437,-0.12233+0.71124i,-0.12233-0.71124i
0.7,2.3,-3.2463,-1.0411,-0.11479+0.71141i,-0.11479-0.71141i
0.7,2.4,-3.2638,-1.0386,-0.10729+0.7115i,-0.10729-0.7115i
0.7,2.5,-3.2811,-1.0362,-0.099857+0.71151i,-0.099857-0.71151i
0.7,2.6,-3.2982,-1.0338,-0.092472+0.71145i,-0.092472-0.71145i
0.7,2.7,-3.3151,-1.0316,-0.085139+0.7113i,-0.085139-0.7113i
0.7,2.8,-3.3319,-1.0294,-0.077856+0.71109i,-0.077856-0.71109i
0.7,2.9,-3.3485,-1.0273,-0.070624+0.7108i,-0.070624-0.7108i
0.7,3,-3.3649,-1.0252,-0.06344+0.71043i,-0.06344-0.71043i
0.7,3.1,-3.3811,-1.0232,-0.056305+0.71i,-0.056305-0.71i
0.7,3.2,-3.3972,-1.0213,-0.049217+0.7095i,-0.049217-0.7095i
0.7,3.3,-3.4132,-1.0195,-0.042176+0.70894i,-0.042176-0.70894i
0.7,3.4,-3.4289,-1.0177,-0.035181+0.70831i,-0.035181-0.70831i
0.7,3.5,-3.4446,-1.0159,-0.028231+0.70761i,-0.028231-0.70761i
0.7,3.6,-3.4601,-1.0142,-0.021326+0.70686i,-0.021326-0.70686i
0.7,3.7,-3.4755,-1.0126,-0.014464+0.70604i,-0.014464-0.70604i
0.7,3.8,-3.4907,-1.011,-0.0076461+0.70516i,-0.0076461-0.70516i
0.7,3.9,-3.5058,-1.0094,-0.00087007+0.70422i,-0.00087007-0.70422i
0.8,1,-0.20912+0.75961i,-0.20912-0.75961i,-1.0652,-3.0336
0.8,1.1,-0.20085+0.7605i,-0.20085-0.7605i,-1.0617,-3.0536
0.8,1.2,-3.0734,-0.19265+0.76128i,-0.19265-0.76128i,-1.0583
0.8,1.3,-3.0929,-1.0551,-0.18452+0.76197i,-0.18452-0.76197i
0.8,1.4,-3.1121,-1.052,-0.17645+0.76257i,-0.17645-0.76257i
0.8,1.5,-3.131,-1.0491,-0.16845+0.76307i,-0.16845-0.76307i
0.8,1.6,-3.1497,-1.0462,-0.16052+0.76348i,-0.16052-0.76348i
0.8,1.7,-3.1682,-1.0435,-0.15265+0.76381i,-0.15265-0.76381i
0.8,1.8,-3.1864,-1.0409,-0.14484+0.76405i,-0.14484-0.76405i
0.8,1.9,-3.2045,-1.0383,-0.13709+0.76422i,-0.13709-0.76422i
0.8,2,-3.2223,-1.0359,-0.12941+0.7643i,-0.12941-0.7643i
0.8,2.1,-3.2399,-1.0335,-0.12178+0.76431i,-0.12178-0.76431i
0.8,2.2,-3.2573,-1.0313,-0.11421+0.76424i,-0.11421-0.76424i
0.8,2.3,-3.2745,-1.0291,-0.1067+0.7641i,-0.1067-0.7641i
0.8,2.4,-3.2916,-1.0269,-0.099239+0.76389i,-0.099239-0.76389i
0.8,2.5,-3.3084,-1.0249,-0.091836+0.76361i,-0.091836-0.76361i
0.8,2.6,-3.3251,-1.0229,-0.084488+0.76327i,-0.084488-0.76327i
0.8,2.7,-3.3416,-1.021,-0.077191+0.76285i,-0.077191-0.76285i
0.8,2.8,-3.358,-1.0191,-0.069947+0.76238i,-0.069947-0.76238i
0.8,2.9,-3.3742,-1.0173,-0.062753+0.76184i,-0.062753-0.76184i
0.8,3,-3.3902,-1.0156,-0.055609+0.76123i,-0.055609-0.76123i
0.8,3.1,-3.4061,-1.0139,-0.048513+0.76057i,-0.048513-0.76057i
0.8,3.2,-3.4218,-1.0122,-0.041466+0.75985i,-0.041466-0.75985i
0.8,3.3,-3.4374,-1.0106,-0.034466+0.75907i,-0.034466-0.75907i
0.8,3.4,-3.4529,-1.0091,-0.027512+0.75823i,-0.027512-0.75823i
0.8,3.5,-3.4682,-1.0075,-0.020604+0.75734i,-0.020604-0.75734i
0.8,3.6,-3.4834,-1.0061,-0.013741+0.75639i,-0.013741-0.75639i
0.8,3.7,-3.4985,-1.0046,-0.0069209+0.75539i,-0.0069209-0.75539i
0.8,3.8,-3.5134,-1.0033,-0.00014451+0.75434i,-0.00014451-0.75434i
0.9,1,-0.20002+0.81313i,-0.20002-0.81313i,-1.0489,-3.068
0.9,1.1,-0.19179+0.81359i,-0.19179-0.81359i,-1.046,-3.0874
0.9,1.2,-3.1064,-1.0433,-0.18363+0.81396i,-0.18363-0.81396i
0.9,1.3,-3.1253,-1.0406,-0.17554+0.81425i,-0.17554-0.81425i
0.9,1.4,-3.1439,-1.0381,-0.16752+0.81447i,-0.16752-0.81447i
0.9,1.5,-3.1622,-1.0356,-0.15957+0.8146i,-0.15957-0.8146i
0.9,1.6,-3.1804,-1.0332,-0.15168+0.81466i,-0.15168-0.81466i
0.9,1.7,-3.1983,-1.0309,-0.14386+0.81465i,-0.14386-0.81465i
0.9,1.8,-3.216,-1.0287,-0.13611+0.81456i,-0.13611-0.81456i
0.9,1.9,-3.2336,-1.0266,-0.12841+0.81441i,-0.12841-0.81441i
0.9,2,-3.2509,-1.0245,-0.12078+0.81419i,-0.12078-0.81419i
0.9,2.1,-3.268,-1.0225,-0.1132+0.8139i,-0.1132-0.8139i
0.9,2.2,-3.285,-1.0206,-0.10568+0.81355i,-0.10568-0.81355i
0.9,2.3,-3.3018,-1.0187,-0.098224+0.81313i,-0.098224-0.81313i
0.9,2.4,-3.3184,-1.0169,-0.09082+0.81266i,-0.09082-0.81266i
0.9,2.5,-3.3349,-1.0152,-0.083471+0.81213i,-0.083471-0.81213i
0.9,2.6,-3.3512,-1.0135,-0.076175+0.81153i,-0.076175-0.81153i
0.9,2.7,-3.3673,-1.0118,-0.068932+0.81088i,-0.068932-0.81088i
0.9,2.8,-3.3833,-1.0102,-0.061741+0.81018i,-0.061741-0.81018i
0.9,2.9,-3.3991,-1.0087,-0.0546+0.80942i,-0.0546-0.80942i
0.9,3,-3.4148,-1.0072,-0.047509+0.8086i,-0.047509-0.8086i
0.9,3.1,-3.4304,-1.0057,-0.040467+0.80773i,-0.040467-0.80773i
0.9,3.2,-3.4458,-1.0043,-0.033472+0.80682i,-0.033472-0.80682i
0.9,3.3,-3.4611,-1.0029,-0.026525+0.80585i,-0.026525-0.80585i
0.9,3.4,-3.4762,-1.0015,-0.019623+0.80483i,-0.019623-0.80483i
0.9,3.5,-3.4912,-1.0002,-0.012766+0.80376i,-0.012766-0.80376i
0.9,3.6,-3.5061,-0.99892,-0.0059542+0.80264i,-0.0059542-0.80264i
1,1,-0.19037+0.86297i,-0.19037-0.86297i,-1.0353,-3.1009
1,1.1,-3.1196,-1.0329,-0.18221+0.86305i,-0.18221-0.86305i
1,1.2,-3.1381,-1.0306,-0.17412+0.86307i,-0.17412-0.86307i
1,1.3,-3.1564,-1.0284,-0.16611+0.86302i,-0.16611-0.86302i
1,1.4,-3.1744,-1.0262,-0.15816+0.8629i,-0.15816-0.8629i
1,1.5,-3.1922,-1.0242,-0.15028+0.86271i,-0.15028-0.86271i
1,1.6,-3.2099,-1.0222,-0.14246+0.86246i,-0.14246-0.86246i
1,1.7,-3.2273,-1.0202,-0.13471+0.86215i,-0.13471-0.86215i
1,1.8,-3.2446,-1.0184,-0.12702+0.86178i,-0.12702-0.86178i
1,1.9,-3.2616,-1.0165,-0.1194+0.86135i,-0.1194-0.86135i
1,2,-3.2785,-1.0148,-0.11183+0.86086i,-0.11183-0.86086i
1,2.1,-3.2952,-1.0131,-0.10433+0.86031i,-0.10433-0.86031i
1,2.2,-3.3118,-1.0114,-0.096877+0.85971i,-0.096877-0.85971i
1,2.3,-3.3282,-1.0098,-0.089485+0.85906i,-0.089485-0.85906i
1,2.4,-3.3444,-1.0083,-0.082148+0.85835i,-0.082148-0.85835i
1,2.5,-3.3605,-1.0068,-0.074865+0.85759i,-0.074865-0.85759i
1,2.6,-3.3764,-1.0053,-0.067634+0.85678i,-0.067634-0.85678i
1,2.7,-3.3922,-1.0039,-0.060456+0.85592i,-0.060456-0.85592i
1,2.8,-3.4078,-1.0025,-0.053329+0.85501i,-0.053329-0.85501i
1,2.9,-3.4233,-1.0011,-0.046251+0.85406i,-0.046251-0.85406i
1,3,-3.4387,-0.99981,-0.039223+0.85305i,-0.039223-0.85305i
1,3.1,-3.454,-0.99854,-0.032242+0.852i,-0.032242-0.852i
1,3.2,-3.4691,-0.99729,-0.025309+0.85091i,-0.025309-0.85091i
1,3.3,-3.4841,-0.99607,-0.018421+0.84977i,-0.018421-0.84977i
1,3.4,-3.4989,-0.99489,-0.011579+0.84859i,-0.011579-0.84859i
1,3.5,-3.5137,-0.99374,-0.0047817+0.84736i,-0.0047817-0.84736i
1.1,1,-3.1324,-1.0238,-0.18036+0.90963i,-0.18036-0.90963i
1.1,1.1,-3.1506,-1.0218,-0.17229+0.90939i,-0.17229-0.90939i
1.1,1.2,-3.1685,-1.0199,-0.16429+0.9091i,-0.16429-0.9091i
1.1,1.3,-3.1863,-1.018,-0.15636+0.90875i,-0.15636-0.90875i
1.1,1.4,-3.2038,-1.0162,-0.1485+0.90834i,-0.1485-0.90834i
1.1,1.5,-3.2212,-1.0144,-0.14071+0.90787i,-0.14071-0.90787i
1.1,1.6,-3.2383,-1.0127,-0.13298+0.90735i,-0.13298-0.90735i
1.1,1.7,-3.2553,-1.011,-0.12531+0.90678i,-0.12531-0.90678i
1.1,1.8,-3.2721,-1.0094,-0.11771+0.90615i,-0.11771-0.90615i
1.1,1.9,-3.2888,-1.0079,-0.11017+0.90548i,-0.11017-0.90548i
1.1,2,-3.3052,-1.0064,-0.10268+0.90475i,-0.10268-0.90475i
1.1,2.1,-3.3216,-1.0049,-0.095255+0.90398i,-0.095255-0.90398i
1.1,2.2,-3.3377,-1.0035,-0.087884+0.90316i,-0.087884-0.90316i
1.1,2.3,-3.3538,-1.0021,-0.080568+0.90229i,-0.080568-0.90229i
1.1,2.4,-3.3696,-1.0007,-0.073307+0.90138i,-0.073307-0.90138i
1.1,2.5,-3.3854,-0.99942,-0.066098+0.90042i,-0.066098-0.90042i
1.1,2.6,-3.401,-0.99815,-0.058942+0.89942i,-0.058942-0.89942i
1.1,2.7,-3.4164,-0.9969,-0.051836+0.89837i,-0.051836-0.89837i
1.1,2.8,-3.4317,-0.99569,-0.044779+0.89729i,-0.044779-0.89729i
1.1,2.9,-3.4469,-0.99451,-0.037772+0.89616i,-0.037772-0.89616i
1.1,3,-3.462,-0.99336,-0.030812+0.89499i,-0.030812-0.89499i
1.1,3.1,-3.4769,-0.99223,-0.0239+0.89378i,-0.0239-0.89378i
1.1,3.2,-3.4918,-0.99114,-0.017033+0.89252i,-0.017033-0.89252i
1.1,3.3,-3.5065,-0.99007,-0.010211+0.89123i,-0.010211-0.89123i
1.1,3.4,-3.5211,-0.98902,-0.0034338+0.88991i,-0.0034338-0.88991i
1.2,1,-3.1627,-0.17011+0.95351i,-0.17011-0.95351i,-1.014
1.2,1.1,-3.1804,-0.16215+0.953i,-0.16215-0.953i,-1.0123
1.2,1.2,-3.1978,-0.15426+0.95243i,-0.15426-0.95243i,-1.0106
1.2,1.3,-3.2151,-0.14643+0.95182i,-0.14643-0.95182i,-1.009
1.2,1.4,-3.2322,-0.13867+0.95116i,-0.13867-0.95116i,-1.0075
1.2,1.5,-3.2491,-0.13097+0.95045i,-0.13097-0.95045i,-1.006
1.2,1.6,-3.2658,-0.12334+0.94969i,-0.12334-0.94969i,-1.0045
1.2,1.7,-3.2824,-0.11577+0.94889i,-0.11577-0.94889i,-1.0031
1.2,1.8,-3.2988,-0.10825+0.94804i,-0.10825-0.94804i,-1.0017
1.2,1.9,-3.315,-0.1008+0.94715i,-0.1008-0.94715i,-1.0003
1.2,2,-3.3311,-0.093403+0.94622i,-0.093403-0.94622i,-0.99903
1.2,2.1,-3.3471,-0.086062+0.94525i,-0.086062-0.94525i,-0.99775
1.2,2.2,-3.3629,-0.078776+0.94423i,-0.078776-0.94423i,-0.99651
1.2,2.3,-3.3786,-0.071543+0.94318i,-0.071543-0.94318i,-0.9953
1.2,2.4,-3.3941,-0.064363+0.94208i,-0.064363-0.94208i,-0.99412
1.2,2.5,-3.4095,-0.057234+0.94095i,-0.057234-0.94095i,-0.99297
1.2,2.6,-3.4248,-0.050156+0.93978i,-0.050156-0.93978i,-0.99185
1.2,2.7,-3.44,-0.043127+0.93857i,-0.043127-0.93857i,-0.99076
1.2,2.8,-3.455,-0.036147+0.93732i,-0.036147-0.93732i,-0.98969
1.2,2.9,-3.4699,-0.98865,-0.029213+0.93603i,-0.029213-0.93603i
1.2,3,-3.4847,-0.98764,-0.022327+0.93471i,-0.022327-0.93471i
1.2,3.1,-3.4994,-0.98665,-0.015486+0.93336i,-0.015486-0.93336i
1.2,3.2,-3.5139,-0.98568,-0.0086892+0.93197i,-0.0086892-0.93197i
1.2,3.3,-3.5284,-0.98473,-0.0019368+0.93054i,-0.0019368-0.93054i
1.3,1,-3.1919,-0.15975+0.99496i,-0.15975-0.99496i,-1.0056
1.3,1.1,-3.2091,-0.1519+0.9942i,-0.1519-0.9942i,-1.0041
1.3,1.2,-3.2261,-0.14411+0.9934i,-0.14411-0.9934i,-1.0027
1.3,1.3,-3.2429,-0.13639+0.99256i,-0.13639-0.99256i,-1.0013
1.3,1.4,-3.2596,-0.12874+0.99167i,-0.12874-0.99167i,-0.99994
1.3,1.5,-3.2761,-0.12114+0.99075i,-0.12114-0.99075i,-0.99863
1.3,1.6,-3.2924,-0.11361+0.98978i,-0.11361-0.98978i,-0.99736
1.3,1.7,-3.3086,-0.10614+0.98878i,-0.10614-0.98878i,-0.99612
1.3,1.8,-3.3246,-0.09872+0.98774i,-0.09872-0.98774i,-0.99491
1.3,1.9,-3.3405,-0.09136+0.98666i,-0.09136-0.98666i,-0.99374
1.3,2,-3.3563,-0.084056+0.98555i,-0.084056-0.98555i,-0.99259
1.3,2.1,-3.3719,-0.076805+0.9844i,-0.076805-0.9844i,-0.99147
1.3,2.2,-3.3874,-0.069607+0.98321i,-0.069607-0.98321i,-0.99038
1.3,2.3,-3.4027,-0.062461+0.98199i,-0.062461-0.98199i,-0.98932
1.3,2.4,-3.418,-0.055366+0.98073i,-0.055366-0.98073i,-0.98828
1.3,2.5,-3.4331,-0.04832+0.97944i,-0.04832-0.97944i,-0.98727
1.3,2.6,-3.4481,-0.041323+0.97812i,-0.041323-0.97812i,-0.98628
1.3,2.7,-3.4629,-0.034374+0.97676i,-0.034374-0.97676i,-0.98532
1.3,2.8,-3.4777,-0.98437,-0.027472+0.97537i,-0.027472-0.97537i
1.3,2.9,-3.4923,-0.98345,-0.020616+0.97395i,-0.020616-0.97395i
1.3,3,-3.5068,-0.98255,-0.013804+0.97249i,-0.013804-0.97249i
1.3,3.1,-3.5212,-0.98167,-0.007037+0.97101i,-0.007037-0.97101i
1.3,3.2,-3.5355,-0.98081,-0.00031319+0.96949i,-0.00031319-0.96949i
1.4,1,-3.2201,-0.14933+1.0343i,-0.14933-1.0343i,-0.99824
1.4,1.1,-3.2368,-0.1416+1.0333i,-0.1416-1.0333i,-0.99696
1.4,1.2,-3.2534,-0.13393+1.0323i,-0.13393-1.0323i,-0.99573
1.4,1.3,-3.2698,-0.12632+1.0312i,-0.12632-1.0312i,-0.99452
1.4,1.4,-3.2861,-0.11877+1.0301i,-0.11877-1.0301i,-0.99335
1.4,1.5,-3.3022,-0.11128+1.029i,-0.11128-1.029i,-0.99221
1.4,1.6,-3.3182,-0.10385+1.0279i,-0.10385-1.0279i,-0.99109
1.4,1.7,-3.334,-0.096479+1.0267i,-0.096479-1.0267i,-0.99
1.4,1.8,-3.3497,-0.089161+1.0255i,-0.089161-1.0255i,-0.98894
1.4,1.9,-3.3653,-0.081897+1.0242i,-0.081897-1.0242i,-0.98791
1.4,2,-3.3807,-0.074687+1.023i,-0.074687-1.023i,-0.9869
1.4,2.1,-3.396,-0.067528+1.0217i,-0.067528-1.0217i,-0.98592
1.4,2.2,-3.4112,-0.06042+1.0203i,-0.06042-1.0203i,-0.98495
1.4,2.3,-3.4262,-0.053362+1.0189i,-0.053362-1.0189i,-0.98401
1.4,2.4,-3.4412,-0.046353+1.0175i,-0.046353-1.0175i,-0.9831
1.4,2.5,-3.456,-0.039392+1.0161i,-0.039392-1.0161i,-0.9822
1.4,2.6,-3.4707,-0.032478+1.0147i,-0.032478-1.0147i,-0.98132
1.4,2.7,-3.4853,-0.98046,-0.02561+1.0132i,-0.02561-1.0132i
1.4,2.8,-3.4998,-0.97962,-0.018788+1.0117i,-0.018788-1.0117i
1.4,2.9,-3.5142,-0.9788,-0.012009+1.0101i,-0.012009-1.0101i
1.4,3,-3.5284,-0.978,-0.0052744+1.0085i,-0.0052744-1.0085i
1.5,1,-0.13892+1.0716i,-0.13892-1.0716i,-0.99182,-3.2473
1.5,1.1,-0.1313+1.0705i,-0.1313-1.0705i,-0.99071,-3.2637
1.5,1.2,-0.12375+1.0693i,-0.12375-1.0693i,-0.98962,-3.2799
1.5,1.3,-0.11625+1.068i,-0.11625-1.068i,-0.98857,-3.2959
1.5,1.4,-0.10881+1.0668i,-0.10881-1.0668i,-0.98754,-3.3118
1.5,1.5,-3.3276,-0.10143+1.0655i,-0.10143-1.0655i,-0.98653
1.5,1.6,-3.3432,-0.094104+1.0642i,-0.094104-1.0642i,-0.98555
1.5,1.7,-3.3587,-0.086832+1.0629i,-0.086832-1.0629i,-0.98459
1.5,1.8,-3.3741,-0.079613+1.0615i,-0.079613-1.0615i,-0.98366
1.5,1.9,-3.3893,-0.072446+1.0601i,-0.072446-1.0601i,-0.98274
1.5,2,-3.4045,-0.06533+1.0587i,-0.06533-1.0587i,-0.98185
1.5,2.1,-3.4195,-0.058264+1.0572i,-0.058264-1.0572i,-0.98097
1.5,2.2,-3.4344,-0.051247+1.0558i,-0.051247-1.0558i,-0.98012
1.5,2.3,-3.4491,-0.044277+1.0543i,-0.044277-1.0543i,-0.97928
1.5,2.4,-3.4638,-0.037355+1.0527i,-0.037355-1.0527i,-0.97846
1.5,2.5,-3.4784,-0.97766,-0.030479+1.0512i,-0.030479-1.0512i
1.5,2.6,-3.4928,-0.97688,-0.023648+1.0496i,-0.023648-1.0496i
1.5,2.7,-3.5071,-0.97611,-0.016862+1.048i,-0.016862-1.048i
1.5,2.8,-3.5214,-0.97536,-0.010119+1.0464i,-0.010119-1.0464i
1.5,2.9,-3.5355,-0.97462,-0.0034184+1.0447i,-0.0034184-1.0447i
1.6,1,-0.12856+1.1073i,-0.12856-1.1073i,-0.98616,-3.2737
1.6,1.1,-0.12106+1.1059i,-0.12106-1.1059i,-0.98518,-3.2897
1.6,1.2,-0.11361+1.1046i,-0.11361-1.1046i,-0.98423,-3.3055
1.6,1.3,-0.10623+1.1032i,-0.10623-1.1032i,-0.9833,-3.3212
1.6,1.4,-0.098897+1.1018i,-0.098897-1.1018i,-0.98239,-3.3368
1.6,1.5,-0.091621+1.1004i,-0.091621-1.1004i,-0.98149,-3.3522
1.6,1.6,-3.3676,-0.084397+1.0989i,-0.084397-1.0989i,-0.98062
1.6,1.7,-3.3828,-0.077226+1.0974i,-0.077226-1.0974i,-0.97977
1.6,1.8,-3.3978,-0.070105+1.0959i,-0.070105-1.0959i,-0.97894
1.6,1.9,-3.4128,-0.063034+1.0944i,-0.063034-1.0944i,-0.97813
1.6,2,-3.4276,-0.056012+1.0929i,-0.056012-1.0929i,-0.97733
1.6,2.1,-3.4424,-0.049038+1.0913i,-0.049038-1.0913i,-0.97655
1.6,2.2,-3.457,-0.04211+1.0897i,-0.04211-1.0897i,-0.97578
1.6,2.3,-3.4715,-0.035229+1.0881i,-0.035229-1.0881i,-0.97504
1.6,2.4,-3.4859,-0.028393+1.0864i,-0.028393-1.0864i,-0.9743
1.6,2.5,-3.5002,-0.97358,-0.021601+1.0848i,-0.021601-1.0848i
1.6,2.6,-3.5144,-0.97288,-0.014853+1.0831i,-0.014853-1.0831i
1.6,2.7,-3.5285,-0.97219,-0.0081475+1.0814i,-0.0081475-1.0814i
1.6,2.8,-3.5425,-0.97151,-0.0014839+1.0796i,-0.0014839-1.0796i
1.7,1,-0.11827+1.1414i,-0.11827-1.1414i,-0.98114,-3.2993
1.7,1.1,-0.11088+1.1399i,-0.11088-1.1399i,-0.98028,-3.3149
1.7,1.2,-0.10355+1.1384i,-0.10355-1.1384i,-0.97943,-3.3305
1.7,1.3,-0.096272+1.1369i,-0.096272-1.1369i,-0.9786,-3.3458
1.7,1.4,-0.089048+1.1353i,-0.089048-1.1353i,-0.97779,-3.3611
1.7,1.5,-0.081875+1.1338i,-0.081875-1.1338i,-0.977,-3.3762
1.7,1.6,-0.074753+1.1322i,-0.074753-1.1322i,-0.97622,-3.3913
1.7,1.7,-3.4062,-0.067681+1.1306i,-0.067681-1.1306i,-0.97546
1.7,1.8,-3.421,-0.060657+1.129i,-0.060657-1.129i,-0.97471
1.7,1.9,-3.4356,-0.053681+1.1273i,-0.053681-1.1273i,-0.97398
1.7,2,-3.4502,-0.046752+1.1257i,-0.046752-1.1257i,-0.97327
1.7,2.1,-3.4647,-0.039868+1.124i,-0.039868-1.124i,-0.97257
1.7,2.2,-3.479,-0.033029+1.1223i,-0.033029-1.1223i,-0.97188
1.7,2.3,-3.4933,-0.026235+1.1205i,-0.026235-1.1205i,-0.97121
1.7,2.4,-3.5075,-0.97055,-0.019484+1.1188i,-0.019484-1.1188i
1.7,2.5,-3.5215,-0.9699,-0.012776+1.117i,-0.012776-1.117i
1.7,2.6,-3.5355,-0.96927,-0.0061088+1.1152i,-0.0061088-1.1152i
1.8,1,-0.10807+1.174i,-0.10807-1.174i,-0.97666,-3.3242
1.8,1.1,-0.1008+1.1724i,-0.1008-1.1724i,-0.97589,-3.3395
1.8,1.2,-0.093574+1.1708i,-0.093574-1.1708i,-0.97513,-3.3547
1.8,1.3,-0.086404+1.1692i,-0.086404-1.1692i,-0.97439,-3.3698
1.8,1.4,-0.079283+1.1675i,-0.079283-1.1675i,-0.97367,-3.3847
1.8,1.5,-0.072212+1.1658i,-0.072212-1.1658i,-0.97295,-3.3996
1.8,1.6,-0.06519+1.1641i,-0.06519-1.1641i,-0.97226,-3.4143
1.8,1.7,-0.058214+1.1624i,-0.058214-1.1624i,-0.97157,-3.429
1.8,1.8,-3.4435,-0.051285+1.1607i,-0.051285-1.1607i,-0.97091
1.8,1.9,-3.4579,-0.044402+1.1589i,-0.044402-1.1589i,-0.97025
1.8,2,-3.4722,-0.037563+1.1572i,-0.037563-1.1572i,-0.9696
1.8,2.1,-3.4865,-0.030769+1.1554i,-0.030769-1.1554i,-0.96897
1.8,2.2,-3.5006,-0.024017+1.1536i,-0.024017-1.1536i,-0.96835
1.8,2.3,-3.5146,-0.96775,-0.017308+1.1518i,-0.017308-1.1518i
1.8,2.4,-3.5286,-0.96715,-0.01064+1.1499i,-0.01064-1.1499i
1.8,2.5,-3.5424,-0.96656,-0.0040137+1.1481i,-0.0040137-1.1481i
1.9,1,-0.097983+1.2054i,-0.097983-1.2054i,-0.97264,-3.3484
1.9,1.1,-0.090818+1.2037i,-0.090818-1.2037i,-0.97195,-3.3634
1.9,1.2,-0.083702+1.202i,-0.083702-1.202i,-0.97127,-3.3783
1.9,1.3,-0.076635+1.2002i,-0.076635-1.2002i,-0.9706,-3.3931
1.9,1.4,-0.069616+1.1985i,-0.069616-1.1985i,-0.96995,-3.4078
1.9,1.5,-0.062644+1.1967i,-0.062644-1.1967i,-0.96931,-3.4224
1.9,1.6,-0.055718+1.1949i,-0.055718-1.1949i,-0.96868,-3.4369
1.9,1.7,-0.048837+1.1931i,-0.048837-1.1931i,-0.96806,-3.4512
1.9,1.8,-0.042001+1.1912i,-0.042001-1.1912i,-0.96746,-3.4655
1.9,1.9,-0.035208+1.1894i,-0.035208-1.1894i,-0.96686,-3.4797
1.9,2,-3.4938,-0.028458+1.1875i,-0.028458-1.1875i,-0.96628
1.9,2.1,-3.5078,-0.02175+1.1857i,-0.02175-1.1857i,-0.96571
1.9,2.2,-3.5217,-0.96515,-0.015084+1.1838i,-0.015084-1.1838i
1.9,2.3,-3.5355,-0.96459,-0.0084577+1.1819i,-0.0084577-1.1819i
1.9,2.4,-3.5492,-0.96405,-0.0018718+1.1799i,-0.0018718-1.1799i
2,1,-0.088015+1.2357i,-0.088015-1.2357i,-0.96901,-3.3719
2,1.1,-0.080955+1.2339i,-0.080955-1.2339i,-0.96839,-3.3867
2,1.2,-0.073942+1.232i,-0.073942-1.232i,-0.96777,-3.4013
2,1.3,-0.066975+1.2302i,-0.066975-1.2302i,-0.96717,-3.4159
2,1.4,-0.060054+1.2283i,-0.060054-1.2283i,-0.96658,-3.4303
2,1.5,-0.053178+1.2264i,-0.053178-1.2264i,-0.966,-3.4446
2,1.6,-0.046346+1.2245i,-0.046346-1.2245i,-0.96543,-3.4589
2,1.7,-0.039557+1.2226i,-0.039557-1.2226i,-0.96487,-3.473
2,1.8,-0.032811+1.2207i,-0.032811-1.2207i,-0.96432,-3.487
2,1.9,-0.026106+1.2188i,-0.026106-1.2188i,-0.96379,-3.501
2,2,-0.019443+1.2168i,-0.019443-1.2168i,-0.96326,-3.5148
2,2.1,-3.5286,-0.96273,-0.012819+1.2149i,-0.012819-1.2149i
2,2.2,-3.5423,-0.96222,-0.0062359+1.2129i,-0.0062359-1.2129i
2.1,1,-0.078173+1.2648i,-0.078173-1.2648i,-0.96572,-3.3949
2.1,1.1,-0.071214+1.2629i,-0.071214-1.2629i,-0.96516,-3.4094
2.1,1.2,-0.0643+1.261i,-0.0643-1.261i,-0.9646,-3.4238
2.1,1.3,-0.05743+1.2591i,-0.05743-1.2591i,-0.96405,-3.4381
2.1,1.4,-0.050605+1.2571i,-0.050605-1.2571i,-0.96352,-3.4523
2.1,1.5,-0.043821+1.2551i,-0.043821-1.2551i,-0.96299,-3.4663
2.1,1.6,-0.03708+1.2532i,-0.03708-1.2532i,-0.96247,-3.4803
2.1,1.7,-0.030381+1.2512i,-0.030381-1.2512i,-0.96196,-3.4943
2.1,1.8,-0.023722+1.2492i,-0.023722-1.2492i,-0.96146,-3.5081
2.1,1.9,-0.017103+1.2472i,-0.017103-1.2472i,-0.96097,-3.5218
2.1,2,-3.5354,-0.96049,-0.010523+1.2451i,-0.010523-1.2451i
2.1,2.1,-3.549,-0.96001,-0.0039822+1.2431i,-0.0039822-1.2431i
2.2,1,-0.068459+1.293i,-0.068459-1.293i,-0.96273,-3.4173
2.2,1.1,-0.061598+1.291i,-0.061598-1.291i,-0.96221,-3.4316
2.2,1.2,-0.05478+1.289i,-0.05478-1.289i,-0.96171,-3.4457
2.2,1.3,-0.048005+1.287i,-0.048005-1.287i,-0.96121,-3.4598
2.2,1.4,-0.041271+1.2849i,-0.041271-1.2849i,-0.96072,-3.4737
2.2,1.5,-0.034578+1.2829i,-0.034578-1.2829i,-0.96024,-3.4876
2.2,1.6,-0.027925+1.2809i,-0.027925-1.2809i,-0.95977,-3.5014
2.2,1.7,-0.021312+1.2788i,-0.021312-1.2788i,-0.9593,-3.5151
2.2,1.8,-0.014737+1.2767i,-0.014737-1.2767i,-0.95884,-3.5287
2.2,1.9,-0.0082013+1.2746i,-0.0082013-1.2746i,-0.95839,-3.5422
2.2,2,-3.5556,-0.95795,-0.001703+1.2725i,-0.001703-1.2725i
2.3,1,-3.4392,-0.058877+1.3203i,-0.058877-1.3203i,-0.95999
2.3,1.1,-3.4532,-0.052111+1.3182i,-0.052111-1.3182i,-0.95952
2.3,1.2,-3.4672,-0.045385+1.3161i,-0.045385-1.3161i,-0.95906
2.3,1.3,-3.481,-0.0387+1.314i,-0.0387-1.314i,-0.9586
2.3,1.4,-3.4947,-0.032055+1.3119i,-0.032055-1.3119i,-0.95816
2.3,1.5,-3.5084,-0.025449+1.3098i,-0.025449-1.3098i,-0.95772
2.3,1.6,-3.5219,-0.018881+1.3077i,-0.018881-1.3077i,-0.95728
2.3,1.7,-3.5354,-0.012352+1.3056i,-0.012352-1.3056i,-0.95686
2.3,1.8,-3.5488,-0.0058593+1.3034i,-0.0058593-1.3034i,-0.95644
2.4,1,-3.4606,-0.049427+1.3467i,-0.049427-1.3467i,-0.95748
2.4,1.1,-3.4744,-0.042752+1.3445i,-0.042752-1.3445i,-0.95705
2.4,1.2,-3.4881,-0.036115+1.3424i,-0.036115-1.3424i,-0.95663
2.4,1.3,-3.5017,-0.029518+1.3402i,-0.029518-1.3402i,-0.95621
2.4,1.4,-3.5153,-0.022958+1.3381i,-0.022958-1.3381i,-0.9558
2.4,1.5,-3.5287,-0.016436+1.3359i,-0.016436-1.3359i,-0.95539
2.4,1.6,-3.5421,-0.0099509+1.3337i,-0.0099509-1.3337i,-0.95499
2.4,1.7,-3.5554,-0.0035021+1.3315i,-0.0035021-1.3315i,-0.9546
2.5,1,-3.4816,-0.040109+1.3723i,-0.040109-1.3723i,-0.95517
2.5,1.1,-3.4952,-0.033521+1.3701i,-0.033521-1.3701i,-0.95478
2.5,1.2,-3.5087,-0.02697+1.3679i,-0.02697-1.3679i,-0.95439
2.5,1.3,-3.5221,-0.020457+1.3657i,-0.020457-1.3657i,-0.954
2.5,1.4,-3.5354,-0.01398+1.3634i,-0.01398-1.3634i,-0.95362
2.5,1.5,-3.5487,-0.0075393+1.3612i,-0.0075393-1.3612i,-0.95325
2.5,1.6,-3.5618,-0.0011338+1.359i,-0.0011338-1.359i,-0.95288
2.6,1,-3.5021,-0.03092+1.3972i,-0.03092-1.3972i,-0.95304
2.6,1.1,-3.5155,-0.024417+1.3949i,-0.024417-1.3949i,-0.95268
2.6,1.2,-3.5288,-0.01795+1.3927i,-0.01795-1.3927i,-0.95231
2.6,1.3,-3.542,-0.011518+1.3904i,-0.011518-1.3904i,-0.95196
2.6,1.4,-3.5551,-0.0051206+1.3881i,-0.0051206-1.3881i,-0.95161
2.7,1,-3.5222,-0.021861+1.4214i,-0.021861-1.4214i,-0.95107
2.7,1.1,-3.5354,-0.015439+1.4191i,-0.015439-1.4191i,-0.95073
2.7,1.2,-3.5485,-0.0090515+1.4167i,-0.0090515-1.4167i,-0.95039
2.7,1.3,-3.5615,-0.002698+1.4144i,-0.002698-1.4144i,-0.95006
2.8,1,-3.5419,-0.012928+1.4449i,-0.012928-1.4449i,-0.94923
2.8,1.1,-3.5549,-0.0065846+1.4426i,-0.0065846-1.4426i,-0.94892
2.8,1.2,-3.5678,-0.00027414+1.4402i,-0.00027414-1.4402i,-0.94861
2.9,1,-3.5612,-0.0041195+1.4679i,-0.0041195-1.4679i,-0.94753
