t,u,v,w,p,q,r,X,Y,Z,phi,theta,psi,u_dot,v_dot,w_dot,p_dot,q_dot,r_dot
0,0,0,0,0,0,0,0,0,0,0,0,0,0,0,0,0,0,0
0.1,1,3.40E-13,2.40E-10,6.87E-12,-2.09E-09,1.35E-12,0.1,0,0,0,0,0,3.06E-06,3.40E-12,2.40E-09,6.87E-11,-2.09E-08,1.35E-11
0.2,1,1.64E-05,-1.09E-10,1.92E-06,1.29E-09,-2.00E-05,0.2,3.40E-14,0,6.87E-13,-2.09E-10,1.35E-13,2.61E-06,0.00016412,-3.49E-09,1.92E-05,3.38E-08,-0.00020034
0.3,1,4.97E-05,-1.19E-09,5.68E-06,1.04E-08,-5.95E-05,0.3,1.64E-06,2.09E-11,1.92E-07,-7.96E-11,-2.00E-06,1.15E-06,0.00033288,-1.08E-08,3.76E-05,9.08E-08,-0.00039493
0.4,1,0.0001003,-3.22E-09,1.12E-05,2.55E-08,-0.00011792,0.4,6.41E-06,1.89E-11,7.61E-07,9.59E-10,-7.96E-06,-1.48E-06,0.000506,-2.03E-08,5.52E-05,1.51E-07,-0.00058396
0.5,1,0.00016862,-6.52E-09,1.84E-05,4.70E-08,-0.00019468,0.5,1.56E-05,-1.57E-10,1.88E-06,3.52E-09,-1.97E-05,-5.42E-06,0.00068323,-3.31E-08,7.18E-05,2.15E-07,-0.00076761
0.6,1,0.00025505,-1.16E-08,2.71E-05,7.54E-08,-0.00028929,0.6,3.05E-05,-8.42E-10,3.72E-06,8.26E-09,-3.92E-05,-1.09E-05,0.0008643,-5.10E-08,8.75E-05,2.84E-07,-0.00094607
0.7,1,0.00035995,-1.92E-08,3.74E-05,1.11E-07,-0.00040124,0.7,5.21E-05,-2.67E-09,6.43E-06,1.59E-08,-6.81E-05,-1.79E-05,0.001049,-7.62E-08,0.00010222,3.57E-07,-0.0011195
0.8,0.99999,0.00048365,-3.03E-08,4.90E-05,1.55E-07,-0.00053005,0.8,8.13E-05,-6.71E-09,1.02E-05,2.73E-08,-0.00010827,-2.67E-05,0.001237,-1.11E-07,0.00011593,4.34E-07,-0.0012881
0.9,0.99999,0.00062647,-4.62E-08,6.18E-05,2.06E-07,-0.00067524,0.9,0.00011883,-1.47E-08,1.51E-05,4.33E-08,-0.00016127,-3.75E-05,0.0014282,-1.59E-07,0.00012862,5.15E-07,-0.0014519
1,0.99999,0.00078869,-6.84E-08,7.58E-05,2.66E-07,-0.00083636,1,0.00016535,-2.91E-08,2.12E-05,6.49E-08,-0.0002288,-5.03E-05,0.0016222,-2.22E-07,0.00014031,5.98E-07,-0.0016112
1.1,0.99998,0.00097059,-9.88E-08,9.09E-05,3.34E-07,-0.001013,1.1,0.00022134,-5.36E-08,2.88E-05,9.32E-08,-0.00031243,-6.52E-05,0.001819,-3.04E-07,0.00015099,6.84E-07,-0.0017661
1.2,0.99997,0.0011724,-1.40E-07,0.00010701,4.11E-07,-0.0012047,1.2,0.00028716,-9.33E-08,3.79E-05,1.30E-07,-0.00041373,-8.25E-05,0.0020183,-4.10E-07,0.00016068,7.71E-07,-0.0019168
1.3,0.99996,0.0013944,-1.94E-07,0.00012395,4.97E-07,-0.001411,1.3,0.00036303,-1.55E-07,4.86E-05,1.75E-07,-0.0005342,-0.00010224,0.0022199,-5.42E-07,0.0001694,8.57E-07,-0.0020633
1.4,0.99995,0.0016368,-2.64E-07,0.00014167,5.91E-07,-0.0016316,1.4,0.00044905,-2.47E-07,6.10E-05,2.32E-07,-0.0006753,-0.00012451,0.0024236,-7.04E-07,0.00017716,9.40E-07,-0.0022058
1.5,0.99993,0.0018997,-3.55E-07,0.00016007,6.93E-07,-0.001866,1.5,0.00054521,-3.80E-07,7.52E-05,3.01E-07,-0.00083845,-0.00014945,0.0026292,-9.02E-07,0.00018401,1.02E-06,-0.0023444
1.6,0.99992,0.0021834,-4.68E-07,0.00017906,8.02E-07,-0.0021139,1.6,0.00065134,-5.70E-07,9.12E-05,3.84E-07,-0.0010251,-0.00017719,0.0028366,-1.14E-06,0.00018997,1.09E-06,-0.0024793
1.7,0.99989,0.0024879,-6.10E-07,0.00019857,9.17E-07,-0.002375,1.7,0.00076718,-8.32E-07,0.0001091,4.84E-07,-0.0012364,-0.00020782,0.0030456,-1.42E-06,0.00019508,1.15E-06,-0.0026105
1.8,0.99987,0.0028135,-7.85E-07,0.00021851,1.04E-06,-0.0026488,1.8,0.00089234,-1.19E-06,0.00012896,6.01E-07,-0.0014739,-0.00024146,0.003256,-1.75E-06,0.00019937,1.20E-06,-0.0027382
1.9,0.99984,0.0031603,-9.97E-07,0.0002388,1.16E-06,-0.002935,1.8999,0.0010263,-1.66E-06,0.00015081,7.39E-07,-0.0017388,-0.00027821,0.0034677,-2.12E-06,0.0002029,1.24E-06,-0.0028625
2,0.99981,0.0035283,-1.25E-06,0.00025937,1.29E-06,-0.0032334,1.9999,0.0011685,-2.29E-06,0.00017469,9.00E-07,-0.0020323,-0.00031818,0.0036804,-2.56E-06,0.00020569,1.26E-06,-0.0029834
2.1,0.99977,0.0039177,-1.56E-06,0.00028015,1.41E-06,-0.0035435,2.0999,0.0013181,-3.09E-06,0.00020062,1.08E-06,-0.0023557,-0.00036147,0.0038942,-3.06E-06,0.0002078,1.26E-06,-0.0031011
2.2,0.99973,0.0043286,-1.92E-06,0.00030108,1.54E-06,-0.0038651,2.1999,0.0014744,-4.12E-06,0.00022864,1.30E-06,-0.00271,-0.00040817,0.0041087,-3.62E-06,0.00020928,1.23E-06,-0.0032158
2.3,0.99969,0.004761,-2.35E-06,0.00032209,1.65E-06,-0.0041978,2.2999,0.0016363,-5.43E-06,0.00025875,1.54E-06,-0.0030965,-0.00045838,0.004324,-4.25E-06,0.00021015,1.18E-06,-0.0033273
2.4,0.99964,0.005215,-2.84E-06,0.00034314,1.76E-06,-0.0045414,2.3998,0.0018029,-7.06E-06,0.00029095,1.81E-06,-0.0035163,-0.00051219,0.0045398,-4.95E-06,0.00021048,1.09E-06,-0.0034359
2.5,0.99958,0.0056906,-3.42E-06,0.00036417,1.86E-06,-0.0048956,2.4998,0.0019729,-9.07E-06,0.00032527,2.12E-06,-0.0039704,-0.00056969,0.004756,-5.74E-06,0.0002103,9.73E-07,-0.0035417
2.6,0.99952,0.0061879,-4.08E-06,0.00038514,1.94E-06,-0.00526,2.5998,0.002145,-1.15E-05,0.00036168,2.47E-06,-0.00446,-0.00063097,0.0049725,-6.60E-06,0.00020966,8.14E-07,-0.0036446
2.7,0.99945,0.0067068,-4.83E-06,0.00040599,2.00E-06,-0.0056345,2.6997,0.002318,-1.45E-05,0.0004002,2.85E-06,-0.004986,-0.0006961,0.0051892,-7.55E-06,0.0002086,6.13E-07,-0.0037449
2.8,0.99937,0.0072474,-5.69E-06,0.00042671,2.04E-06,-0.0060188,2.7997,0.0024904,-1.82E-05,0.00044079,3.28E-06,-0.0055494,-0.00076518,0.005406,-8.59E-06,0.00020716,3.66E-07,-0.0038425
2.9,0.99929,0.0078096,-6.66E-06,0.00044725,2.05E-06,-0.0064125,2.8996,0.0026605,-2.25E-05,0.00048346,3.75E-06,-0.0061513,-0.00083828,0.0056227,-9.73E-06,0.00020539,6.77E-08,-0.0039376
3,0.9992,0.0083936,-7.76E-06,0.00046758,2.02E-06,-0.0068155,2.9995,0.0028268,-2.77E-05,0.00052819,4.26E-06,-0.0067926,-0.00091547,0.0058392,-1.10E-05,0.00020332,-2.85E-07,-0.0040301
3.1,0.9991,0.0089991,-8.99E-06,0.00048768,1.95E-06,-0.0072276,3.0995,0.0029874,-3.38E-05,0.00057494,4.82E-06,-0.0074741,-0.00099684,0.0060554,-1.23E-05,0.00020099,-6.96E-07,-0.0041202
3.2,0.99899,0.0096262,-1.04E-05,0.00050752,1.83E-06,-0.0076484,3.1994,0.0031406,-4.10E-05,0.00062371,5.43E-06,-0.0081969,-0.0010825,0.0062713,-1.37E-05,0.00019843,-1.17E-06,-0.004208
3.3,0.99887,0.010275,-1.19E-05,0.00052709,1.66E-06,-0.0080777,3.2993,0.0032843,-4.95E-05,0.00067445,6.09E-06,-0.0089617,-0.0011724,0.0064867,-1.53E-05,0.00019569,-1.71E-06,-0.0042934
3.4,0.99874,0.010945,-1.36E-05,0.00054637,1.43E-06,-0.0085154,3.3992,0.0034166,-5.93E-05,0.00072716,6.80E-06,-0.0097695,-0.0012667,0.0067015,-1.69E-05,0.00019279,-2.32E-06,-0.0043766
3.5,0.99861,0.011637,-1.55E-05,0.00056535,1.13E-06,-0.0089611,3.499,0.0035354,-7.07E-05,0.00078179,7.57E-06,-0.010621,-0.0013654,0.0069156,-1.87E-05,0.00018976,-3.01E-06,-0.0044576
3.6,0.99846,0.012349,-1.75E-05,0.00058401,7.50E-07,-0.0094148,3.5989,0.0036383,-8.38E-05,0.00083832,8.38E-06,-0.011517,-0.0014687,0.0071289,-2.06E-05,0.00018663,-3.78E-06,-0.0045364
3.7,0.9983,0.013084,-1.98E-05,0.00060235,2.87E-07,-0.0098761,3.6988,0.0037233,-9.88E-05,0.00089671,9.24E-06,-0.012459,-0.0015765,0.0073414,-2.26E-05,0.00018342,-4.63E-06,-0.0046132
3.8,0.99813,0.013839,-2.23E-05,0.00062037,-2.69E-07,-0.010345,3.7986,0.0037878,-0.00011607,0.00095694,1.02E-05,-0.013446,-0.0016889,0.0075529,-2.48E-05,0.00018017,-5.56E-06,-0.0046878
3.9,0.99795,0.014615,-2.50E-05,0.00063806,-9.28E-07,-0.010821,3.8984,0.0038295,-0.00013569,0.001019,1.11E-05,-0.014481,-0.001806,0.0077634,-2.70E-05,0.00017689,-6.59E-06,-0.0047605
4,0.99776,0.015413,-2.79E-05,0.00065542,-1.70E-06,-0.011304,3.9982,0.0038459,-0.00015797,0.0010828,1.21E-05,-0.015563,-0.0019278,0.0079727,-2.94E-05,0.00017359,-7.72E-06,-0.0048312
4.1,0.99755,0.016231,-3.11E-05,0.00067245,-2.59E-06,-0.011794,4.098,0.0038342,-0.00018317,0.0011483,1.32E-05,-0.016693,-0.0020544,0.0081809,-3.20E-05,0.00017031,-8.94E-06,-0.0049
4.2,0.99734,0.017053,-3.46E-05,0.00068724,-3.67E-06,-0.012271,4.1978,0.0037919,-0.00021158,0.0012155,1.43E-05,-0.017873,-0.0021167,0.0082244,-3.46E-05,0.00014794,-1.08E-05,-0.0047675
4.3,0.99713,0.017879,-3.83E-05,0.00069989,-4.94E-06,-0.012735,4.2975,0.0037145,-0.00024348,0.0012842,1.54E-05,-0.0191,-0.0021777,0.0082623,-3.72E-05,0.00012644,-1.27E-05,-0.0046392
4.4,0.9969,0.018709,-4.22E-05,0.00071048,-6.41E-06,-0.013186,4.3973,0.0035977,-0.00027917,0.0013542,1.65E-05,-0.020373,-0.0022374,0.0082948,-3.97E-05,0.0001059,-1.47E-05,-0.004515
4.5,0.99667,0.019541,-4.65E-05,0.00071911,-8.09E-06,-0.013626,4.497,0.0034374,-0.00031894,0.0014252,1.77E-05,-0.021692,-0.002296,0.0083222,-4.23E-05,8.64E-05,-1.67E-05,-0.0043947
4.6,0.99644,0.020375,-5.10E-05,0.00072591,-9.97E-06,-0.014053,4.5967,0.0032292,-0.00036309,0.0014971,1.88E-05,-0.023054,-0.0023535,0.0083447,-4.49E-05,6.79E-05,-1.88E-05,-0.0042781
4.7,0.9962,0.021212,-5.57E-05,0.00073096,-1.21E-05,-0.01447,4.6963,0.0029692,-0.00041195,0.0015697,1.99E-05,-0.02446,-0.0024098,0.0083625,-4.74E-05,5.05E-05,-2.10E-05,-0.0041652
4.8,0.99595,0.022049,-6.07E-05,0.00073439,-1.44E-05,-0.014876,4.796,0.0026534,-0.00046582,0.0016427,2.10E-05,-0.025907,-0.002465,0.0083758,-4.99E-05,3.43E-05,-2.31E-05,-0.0040558
4.9,0.9957,0.022888,-6.59E-05,0.00073631,-1.69E-05,-0.015271,4.8956,0.0022777,-0.00052504,0.0017161,2.20E-05,-0.027394,-0.0025191,0.0083848,-5.23E-05,1.92E-05,-2.54E-05,-0.0039498
5,0.99544,0.023727,-7.14E-05,0.00073683,-1.97E-05,-0.015655,4.9952,0.0018383,-0.00058993,0.0017897,2.29E-05,-0.028921,-0.0025721,0.0083898,-5.47E-05,5.23E-06,-2.76E-05,-0.0038471
5.1,0.99518,0.024566,-7.71E-05,0.00073607,-2.27E-05,-0.01603,5.0947,0.0013315,-0.00066084,0.0018634,2.38E-05,-0.030487,-0.0026241,0.0083909,-5.71E-05,-7.61E-06,-2.99E-05,-0.0037475
5.2,0.99491,0.025405,-8.30E-05,0.00073414,-2.59E-05,-0.016395,5.1943,0.00075339,-0.0007381,0.001937,2.45E-05,-0.03209,-0.002675,0.0083882,-5.94E-05,-1.93E-05,-3.22E-05,-0.0036511
5.3,0.99464,0.026243,-8.92E-05,0.00073114,-2.93E-05,-0.016751,5.2938,0.00010046,-0.00082206,0.0020103,2.51E-05,-0.033729,-0.002725,0.008382,-6.17E-05,-2.99E-05,-3.45E-05,-0.0035575
5.4,0.99436,0.02708,-9.56E-05,0.0007272,-3.30E-05,-0.017098,5.3933,-0.00063094,-0.00091307,0.0020834,2.55E-05,-0.035404,-0.0027739,0.0083724,-6.39E-05,-3.95E-05,-3.68E-05,-0.0034669
5.5,0.99408,0.027916,-0.00010221,0.0007224,-3.69E-05,-0.017435,5.4928,-0.0014444,-0.0010115,0.0021561,2.58E-05,-0.037114,-0.0028219,0.0083596,-6.61E-05,-4.80E-05,-3.91E-05,-0.003379
5.6,0.99379,0.02875,-0.00010903,0.00071685,-4.11E-05,-0.017765,5.5922,-0.0023433,-0.0011176,0.0022283,2.58E-05,-0.038858,-0.0028689,0.0083438,-6.82E-05,-5.55E-05,-4.14E-05,-0.0032937
5.7,0.9935,0.029583,-0.00011605,0.00071065,-4.54E-05,-0.018086,5.6916,-0.003331,-0.0012319,0.0022999,2.57E-05,-0.040634,-0.0029149,0.0083251,-7.02E-05,-6.20E-05,-4.37E-05,-0.0032111
5.8,0.9932,0.030413,-0.00012327,0.00070388,-5.00E-05,-0.018399,5.791,-0.0044111,-0.0013547,0.0023709,2.53E-05,-0.042443,-0.00296,0.0083035,-7.22E-05,-6.77E-05,-4.60E-05,-0.0031309
5.9,0.9929,0.031241,-0.00013069,0.00069664,-5.49E-05,-0.018704,5.8904,-0.0055866,-0.0014863,0.0024413,2.47E-05,-0.044283,-0.0030042,0.0082794,-7.41E-05,-7.24E-05,-4.83E-05,-0.0030532
6,0.9926,0.032067,-0.00013829,0.000689,-5.99E-05,-0.019002,5.9897,-0.0068609,-0.0016271,0.0025109,2.37E-05,-0.046153,-0.0030475,0.0082527,-7.60E-05,-7.64E-05,-5.06E-05,-0.0029778
6.1,0.99229,0.032889,-0.00014608,0.00068105,-6.52E-05,-0.019293,6.089,-0.0082372,-0.0017774,0.0025797,2.25E-05,-0.048053,-0.0030899,0.0082237,-7.78E-05,-7.96E-05,-5.28E-05,-0.0029046
6.2,0.99198,0.033708,-0.00015404,0.00067284,-7.07E-05,-0.019576,6.1883,-0.0097186,-0.0019376,0.0026478,2.10E-05,-0.049983,-0.0031315,0.0081925,-7.96E-05,-8.20E-05,-5.51E-05,-0.0028336
6.3,0.99166,0.034524,-0.00016217,0.00066446,-7.64E-05,-0.019852,6.2875,-0.011308,-0.0021082,0.002715,1.91E-05,-0.05194,-0.0031721,0.0081591,-8.13E-05,-8.38E-05,-5.73E-05,-0.0027646
6.4,0.99134,0.035336,-0.00017047,0.00065596,-8.24E-05,-0.020122,6.3867,-0.013009,-0.0022894,0.0027815,1.68E-05,-0.053926,-0.0032119,0.0081236,-8.30E-05,-8.50E-05,-5.94E-05,-0.0026978
6.5,0.99101,0.036145,-0.00017892,0.00064739,-8.85E-05,-0.020385,6.4859,-0.014823,-0.0024815,0.002847,1.42E-05,-0.055938,-0.0032509,0.0080863,-8.46E-05,-8.57E-05,-6.16E-05,-0.0026328
6.6,0.99068,0.03695,-0.00018754,0.0006388,-9.49E-05,-0.020642,6.5851,-0.016755,-0.0026851,0.0029117,1.11E-05,-0.057976,-0.003289,0.0080472,-8.61E-05,-8.58E-05,-6.37E-05,-0.0025698
6.7,0.99035,0.03775,-0.0001963,0.00063025,-0.00010148,-0.020893,6.6842,-0.018807,-0.0029003,0.0029756,7.67E-06,-0.060041,-0.0033263,0.0080063,-8.76E-05,-8.55E-05,-6.57E-05,-0.0025086
6.8,0.99002,0.038547,-0.0002052,0.00062177,-0.00010825,-0.021138,6.7833,-0.020981,-0.0031277,0.0030386,3.73E-06,-0.06213,-0.0033628,0.0079639,-8.91E-05,-8.48E-05,-6.77E-05,-0.0024491
6.9,0.98968,0.039339,-0.00021425,0.00061339,-0.00011522,-0.021377,6.8823,-0.023281,-0.0033674,0.0031008,-6.69E-07,-0.064244,-0.0033985,0.0079199,-9.04E-05,-8.37E-05,-6.97E-05,-0.0023914
7,0.98933,0.040126,-0.00022343,0.00060516,-0.00012238,-0.021611,6.9813,-0.025709,-0.00362,0.0031621,-5.56E-06,-0.066382,-0.0034335,0.0078745,-9.18E-05,-8.24E-05,-7.16E-05,-0.0023353
7.1,0.98899,0.040909,-0.00023273,0.00059709,-0.00012973,-0.021839,7.0803,-0.028267,-0.0038857,0.0032226,-1.10E-05,-0.068543,-0.0034676,0.0078277,-9.31E-05,-8.07E-05,-7.35E-05,-0.0022808
7.2,0.98864,0.041687,-0.00024217,0.0005892,-0.00013726,-0.022062,7.1793,-0.030959,-0.0041649,0.0032824,-1.69E-05,-0.070727,-0.003501,0.0077797,-9.43E-05,-7.89E-05,-7.53E-05,-0.0022278
7.3,0.98828,0.04246,-0.00025172,0.00058152,-0.00014496,-0.022279,7.2782,-0.033787,-0.0044579,0.0033413,-2.34E-05,-0.072933,-0.0035337,0.0077304,-9.55E-05,-7.68E-05,-7.70E-05,-0.0021764
7.4,0.98793,0.043228,-0.00026138,0.00057406,-0.00015284,-0.022492,7.3771,-0.036754,-0.004765,0.0033995,-3.04E-05,-0.075161,-0.0035656,0.0076801,-9.67E-05,-7.46E-05,-7.87E-05,-0.0021263
7.5,0.98757,0.043991,-0.00027116,0.00056683,-0.00016088,-0.0227,7.4759,-0.039862,-0.0050867,0.003457,-3.81E-05,-0.07741,-0.0035967,0.0076287,-9.78E-05,-7.23E-05,-8.04E-05,-0.0020777
7.6,0.9872,0.044749,-0.00028105,0.00055984,-0.00016908,-0.022903,7.5747,-0.043113,-0.0054232,0.0035138,-4.63E-05,-0.07968,-0.0036272,0.0075763,-9.89E-05,-6.99E-05,-8.20E-05,-0.0020304
7.7,0.98684,0.045501,-0.00029104,0.0005531,-0.00017743,-0.023101,7.6735,-0.04651,-0.0057749,0.0035699,-5.52E-05,-0.08197,-0.0036569,0.0075231,-9.99E-05,-6.74E-05,-8.35E-05,-0.0019844
7.8,0.98647,0.046248,-0.00030112,0.0005466,-0.00018593,-0.023295,7.7722,-0.050055,-0.0061422,0.0036253,-6.47E-05,-0.084281,-0.0036859,0.007469,-0.00010087,-6.50E-05,-8.50E-05,-0.0019397
7.9,0.9861,0.046989,-0.0003113,0.00054035,-0.00019457,-0.023485,7.8709,-0.053751,-0.0065252,0.0036801,-7.48E-05,-0.08661,-0.0037143,0.007414,-0.00010181,-6.25E-05,-8.64E-05,-0.0018962
8,0.98572,0.047725,-0.00032158,0.00053435,-0.00020334,-0.02367,7.9695,-0.057599,-0.0069244,0.0037343,-8.56E-05,-0.088959,-0.003742,0.0073584,-0.00010272,-6.00E-05,-8.77E-05,-0.0018538
8.1,0.98535,0.048455,-0.00033194,0.00052859,-0.00021224,-0.023851,8.0681,-0.061603,-0.0073401,0.003788,-9.71E-05,-0.091326,-0.003769,0.0073021,-0.0001036,-5.76E-05,-8.90E-05,-0.0018126
8.2,0.98497,0.04918,-0.00034238,0.00052306,-0.00022126,-0.024029,8.1667,-0.065764,-0.0077725,0.003841,-0.00010932,-0.093711,-0.0037953,0.0072452,-0.00010444,-5.53E-05,-9.02E-05,-0.0017725
8.3,0.98458,0.049898,-0.0003529,0.00051776,-0.0002304,-0.024202,8.2652,-0.070084,-0.0082221,0.0038936,-0.00012221,-0.096114,-0.003821,0.0071877,-0.00010524,-5.30E-05,-9.14E-05,-0.0017335
8.4,0.9842,0.050611,-0.0003635,0.00051267,-0.00023965,-0.024372,8.3637,-0.074566,-0.0086891,0.0039457,-0.00013583,-0.098534,-0.003846,0.0071297,-0.00010601,-5.08E-05,-9.25E-05,-0.0016955
8.5,0.98381,0.051319,-0.00037418,0.0005078,-0.000249,-0.024537,8.4621,-0.079211,-0.0091737,0.0039973,-0.00015018,-0.10097,-0.0038704,0.0070712,-0.00010674,-4.87E-05,-9.35E-05,-0.0016585
8.6,0.98342,0.05202,-0.00038492,0.00050312,-0.00025845,-0.0247,8.5605,-0.084022,-0.0096764,0.0040484,-0.00016527,-0.10343,-0.0038942,0.0070123,-0.00010743,-4.68E-05,-9.45E-05,-0.0016225
8.7,0.98303,0.052715,-0.00039573,0.00049863,-0.00026798,-0.024858,8.6589,-0.089001,-0.010197,0.0040992,-0.00018112,-0.1059,-0.0039174,0.006953,-0.00010809,-4.49E-05,-9.53E-05,-0.0015874
8.8,0.98264,0.053404,-0.0004066,0.00049431,-0.0002776,-0.025014,8.7572,-0.094149,-0.010737,0.0041495,-0.00019772,-0.10838,-0.0039399,0.0068933,-0.00010871,-4.32E-05,-9.62E-05,-0.0015532
8.9,0.98224,0.054088,-0.00041753,0.00049015,-0.00028729,-0.025166,8.8555,-0.099469,-0.011295,0.0041994,-0.0002151,-0.11088,-0.0039619,0.0068333,-0.0001093,-4.16E-05,-9.69E-05,-0.00152
9,0.98184,0.054765,-0.00042852,0.00048613,-0.00029705,-0.025315,8.9537,-0.10496,-0.011873,0.0042489,-0.00023326,-0.1134,-0.0039832,0.0067731,-0.00010985,-4.02E-05,-9.76E-05,-0.0014876
9.1,0.98144,0.055436,-0.00043955,0.00048224,-0.00030687,-0.02546,9.0519,-0.11063,-0.01247,0.0042982,-0.00025221,-0.11593,-0.004004,0.0067126,-0.00011037,-3.88E-05,-9.82E-05,-0.001456
9.2,0.98104,0.056101,-0.00045064,0.00047848,-0.00031675,-0.025603,9.15,-0.11648,-0.013087,0.004347,-0.00027196,-0.11848,-0.0040242,0.0066519,-0.00011085,-3.77E-05,-9.88E-05,-0.0014252
9.3,0.98064,0.056761,-0.00046177,0.00047482,-0.00032668,-0.025742,9.2481,-0.1225,-0.013723,0.0043956,-0.0002925,-0.12104,-0.0040439,0.006591,-0.0001113,-3.66E-05,-9.93E-05,-0.0013952
9.4,0.98023,0.057414,-0.00047294,0.00047125,-0.00033666,-0.025879,9.3461,-0.12871,-0.01438,0.0044438,-0.00031386,-0.12361,-0.004063,0.00653,-0.00011172,-3.57E-05,-9.97E-05,-0.001366
9.5,0.97982,0.05806,-0.00048415,0.00046775,-0.00034667,-0.026013,9.4441,-0.1351,-0.015057,0.0044917,-0.00033602,-0.1262,-0.0040815,0.0064689,-0.00011212,-3.49E-05,-0.00010012,-0.0013375
9.6,0.97941,0.058701,-0.0004954,0.00046433,-0.00035671,-0.026144,9.542,-0.14167,-0.015755,0.0045394,-0.000359,-0.1288,-0.0040996,0.0064077,-0.00011248,-3.43E-05,-0.00010043,-0.0013097
9.7,0.979,0.059336,-0.00050668,0.00046095,-0.00036678,-0.026272,9.6399,-0.14843,-0.016474,0.0045868,-0.00038281,-0.13142,-0.0041171,0.0063464,-0.00011281,-3.38E-05,-0.00010068,-0.0012826
9.8,0.97859,0.059964,-0.00051799,0.00045762,-0.00037687,-0.026397,9.7377,-0.15537,-0.017215,0.0046339,-0.00040743,-0.13404,-0.004134,0.0062852,-0.00011311,-3.33E-05,-0.00010087,-0.0012562
9.9,0.97817,0.060587,-0.00052933,0.00045431,-0.00038697,-0.02652,9.8355,-0.16251,-0.017976,0.0046807,-0.00043289,-0.13668,-0.0041505,0.0062239,-0.00011339,-3.31E-05,-0.00010101,-0.0012304
10,0.97775,0.061203,-0.0005407,0.00045102,-0.00039708,-0.026641,9.9332,-0.16983,-0.01876,0.0047273,-0.00045917,-0.13934,-0.0041664,0.0061627,-0.00011364,-3.29E-05,-0.00010108,-0.0012053
10.1,0.97734,0.061813,-0.00055208,0.00044774,-0.00040719,-0.026759,10.031,-0.17735,-0.019565,0.0047736,-0.00048629,-0.142,-0.0041819,0.0061015,-0.00011387,-3.28E-05,-0.00010109,-0.0011807
10.2,0.97692,0.062417,-0.00056349,0.00044446,-0.00041729,-0.026875,10.129,-0.18506,-0.020393,0.0048197,-0.00051423,-0.14468,-0.0041968,0.0060404,-0.00011407,-3.28E-05,-0.00010105,-0.0011568
10.3,0.9765,0.063015,-0.00057491,0.00044117,-0.00042739,-0.026988,10.226,-0.19297,-0.021243,0.0048655,-0.00054301,-0.14736,-0.0042113,0.0059794,-0.00011424,-3.29E-05,-0.00010095,-0.0011334
10.4,0.97607,0.063607,-0.00058635,0.00043785,-0.00043747,-0.027099,10.324,-0.20108,-0.022115,0.0049111,-0.00057261,-0.15006,-0.0042253,0.0059185,-0.0001144,-3.31E-05,-0.0001008,-0.0011105
10.5,0.97565,0.064193,-0.00059781,0.00043451,-0.00044753,-0.027208,10.421,-0.20938,-0.023011,0.0049564,-0.00060305,-0.15277,-0.0042388,0.0058578,-0.00011453,-3.34E-05,-0.00010059,-0.0010883
10.6,0.97522,0.064773,-0.00060927,0.00043114,-0.00045756,-0.027315,10.518,-0.21788,-0.023929,0.0050015,-0.00063432,-0.15549,-0.0042519,0.0057972,-0.00011464,-3.37E-05,-0.00010033,-0.0010665
10.7,0.9748,0.065346,-0.00062074,0.00042772,-0.00046756,-0.027419,10.616,-0.22659,-0.02487,0.0050464,-0.00066641,-0.15822,-0.0042645,0.0057368,-0.00011473,-3.42E-05,-0.00010002,-0.0010452
10.8,0.97437,0.065914,-0.00063222,0.00042426,-0.00047753,-0.027522,10.713,-0.23549,-0.025835,0.005091,-0.00069933,-0.16097,-0.0042767,0.0056766,-0.00011479,-3.46E-05,-9.97E-05,-0.0010244
10.9,0.97394,0.066476,-0.00064371,0.00042075,-0.00048745,-0.027622,10.81,-0.2446,-0.026824,0.0051353,-0.00073307,-0.16372,-0.0042884,0.0056166,-0.00011484,-3.51E-05,-9.93E-05,-0.0010041
11,0.97351,0.067031,-0.00065519,0.00041718,-0.00049733,-0.02772,10.908,-0.25392,-0.027836,0.0051794,-0.00076763,-0.16648,-0.0042997,0.0055569,-0.00011487,-3.57E-05,-9.88E-05,-0.00098431
11.1,0.97308,0.067581,-0.00066668,0.00041355,-0.00050716,-0.027817,11.005,-0.26344,-0.028873,0.0052233,-0.00080301,-0.16925,-0.0043105,0.0054973,-0.00011489,-3.63E-05,-9.83E-05,-0.00096492
11.2,0.97265,0.068125,-0.00067817,0.00040986,-0.00051694,-0.027911,11.102,-0.27317,-0.029933,0.0052668,-0.00083919,-0.17204,-0.004321,0.0054381,-0.00011488,-3.69E-05,-9.77E-05,-0.00094598
11.3,0.97221,0.068663,-0.00068966,0.0004061,-0.00052665,-0.028004,11.199,-0.28311,-0.031018,0.0053102,-0.00087619,-0.17483,-0.004331,0.005379,-0.00011486,-3.76E-05,-9.72E-05,-0.00092745
11.4,0.97178,0.069195,-0.00070114,0.00040227,-0.00053631,-0.028095,11.296,-0.29326,-0.032128,0.0053532,-0.00091398,-0.17763,-0.0043407,0.0053203,-0.00011482,-3.83E-05,-9.65E-05,-0.00090934
11.5,0.97135,0.069721,-0.00071262,0.00039837,-0.00054589,-0.028184,11.393,-0.30362,-0.033262,0.005396,-0.00095257,-0.18044,-0.0043499,0.0052619,-0.00011477,-3.90E-05,-9.59E-05,-0.00089162
11.6,0.97091,0.070241,-0.00072409,0.00039441,-0.00055541,-0.028272,11.489,-0.31419,-0.034421,0.0054386,-0.00099195,-0.18326,-0.0043587,0.0052037,-0.00011471,-3.97E-05,-9.51E-05,-0.0008743
11.7,0.97047,0.070756,-0.00073555,0.00039037,-0.00056484,-0.028357,11.586,-0.32497,-0.035605,0.0054808,-0.0010321,-0.18608,-0.0043672,0.0051459,-0.00011463,-4.04E-05,-9.44E-05,-0.00085735
11.8,0.97004,0.071265,-0.000747,0.00038626,-0.0005742,-0.028442,11.683,-0.33598,-0.036815,0.0055228,-0.0010731,-0.18892,-0.0043753,0.0050884,-0.00011453,-4.11E-05,-9.36E-05,-0.00084077
11.9,0.9696,0.071768,-0.00075845,0.00038207,-0.00058348,-0.028524,11.779,-0.34719,-0.038049,0.0055644,-0.0011148,-0.19176,-0.004383,0.0050312,-0.00011443,-4.18E-05,-9.28E-05,-0.00082455
12,0.96916,0.072265,-0.00076988,0.00037782,-0.00059267,-0.028605,11.876,-0.35863,-0.039309,0.0056058,-0.0011572,-0.19462,-0.0043903,0.0049744,-0.00011431,-4.26E-05,-9.19E-05,-0.00080867
12.1,0.96872,0.072757,-0.0007813,0.00037349,-0.00060177,-0.028684,11.972,-0.37028,-0.040595,0.0056469,-0.0012005,-0.19748,-0.0043973,0.0049179,-0.00011418,-4.33E-05,-9.10E-05,-0.00079313
12.2,0.96828,0.073243,-0.0007927,0.00036909,-0.00061078,-0.028762,12.069,-0.38215,-0.041907,0.0056877,-0.0012445,-0.20035,-0.0044039,0.0048618,-0.00011405,-4.40E-05,-9.01E-05,-0.00077792
12.3,0.96784,0.073724,-0.00080409,0.00036463,-0.0006197,-0.028838,12.165,-0.39424,-0.043244,0.0057282,-0.0012892,-0.20322,-0.0044101,0.004806,-0.0001139,-4.46E-05,-8.91E-05,-0.00076303
12.4,0.9674,0.074199,-0.00081546,0.0003601,-0.00062851,-0.028913,12.261,-0.40655,-0.044608,0.0057684,-0.0013346,-0.20611,-0.004416,0.0047506,-0.00011374,-4.53E-05,-8.82E-05,-0.00074845
12.5,0.96695,0.074668,-0.00082682,0.00035551,-0.00063723,-0.028987,12.358,-0.41909,-0.045998,0.0058083,-0.0013808,-0.209,-0.0044216,0.0046956,-0.00011357,-4.60E-05,-8.71E-05,-0.00073418
12.6,0.96651,0.075133,-0.00083816,0.00035085,-0.00064584,-0.029059,12.454,-0.43185,-0.047414,0.0058478,-0.0014277,-0.2119,-0.0044269,0.004641,-0.0001134,-4.66E-05,-8.61E-05,-0.00072019
12.7,0.96607,0.075591,-0.00084948,0.00034613,-0.00065434,-0.029129,12.55,-0.44483,-0.048857,0.005887,-0.0014753,-0.2148,-0.0044318,0.0045867,-0.00011322,-4.72E-05,-8.50E-05,-0.0007065
12.8,0.96562,0.076045,-0.00086079,0.00034135,-0.00066274,-0.029199,12.646,-0.45803,-0.050326,0.005926,-0.0015236,-0.21772,-0.0044364,0.0045329,-0.00011303,-4.78E-05,-8.40E-05,-0.00069308
12.9,0.96518,0.076492,-0.00087207,0.00033652,-0.00067103,-0.029267,12.742,-0.47147,-0.051822,0.0059645,-0.0015725,-0.22064,-0.0044406,0.0044794,-0.00011283,-4.83E-05,-8.29E-05,-0.00067994
13,0.96474,0.076935,-0.00088333,0.00033164,-0.0006792,-0.029333,12.838,-0.48513,-0.053345,0.0060028,-0.0016222,-0.22356,-0.0044446,0.0044264,-0.00011263,-4.89E-05,-8.17E-05,-0.00066706
13.1,0.96429,0.077372,-0.00089458,0.0003267,-0.00068725,-0.029399,12.933,-0.49901,-0.054894,0.0060407,-0.0016725,-0.2265,-0.0044483,0.0043737,-0.00011243,-4.94E-05,-8.06E-05,-0.00065444
13.2,0.96385,0.077805,-0.0009058,0.00032172,-0.00069519,-0.029463,13.029,-0.51313,-0.056471,0.0060783,-0.0017234,-0.22944,-0.0044516,0.0043215,-0.00011221,-4.98E-05,-7.94E-05,-0.00064207
13.3,0.9634,0.078232,-0.000917,0.00031669,-0.00070302,-0.029526,13.125,-0.52747,-0.058075,0.0061156,-0.0017751,-0.23238,-0.0044547,0.0042697,-0.000112,-5.03E-05,-7.82E-05,-0.00062994
13.4,0.96295,0.078653,-0.00092817,0.00031162,-0.00071072,-0.029588,13.22,-0.54204,-0.059706,0.0061525,-0.0018273,-0.23534,-0.0044574,0.0042183,-0.00011178,-5.07E-05,-7.70E-05,-0.00061806
13.5,0.96251,0.07907,-0.00093933,0.00030651,-0.0007183,-0.029648,13.316,-0.55685,-0.061365,0.006189,-0.0018802,-0.2383,-0.0044599,0.0041673,-0.00011155,-5.11E-05,-7.58E-05,-0.00060641
13.6,0.96206,0.079482,-0.00095046,0.00030136,-0.00072575,-0.029708,13.411,-0.57188,-0.063051,0.0062253,-0.0019336,-0.24126,-0.0044621,0.0041167,-0.00011132,-5.15E-05,-7.46E-05,-0.00059499
13.7,0.96162,0.079888,-0.00096157,0.00029618,-0.00073308,-0.029766,13.506,-0.58715,-0.064765,0.0062611,-0.0019877,-0.24423,-0.0044641,0.0040665,-0.00011109,-5.18E-05,-7.33E-05,-0.00058379
13.8,0.96117,0.08029,-0.00097266,0.00029097,-0.00074028,-0.029823,13.602,-0.60265,-0.066506,0.0062967,-0.0020424,-0.24721,-0.0044657,0.0040168,-0.00011085,-5.21E-05,-7.20E-05,-0.00057281
13.9,0.96072,0.080687,-0.00098372,0.00028573,-0.00074736,-0.02988,13.697,-0.61839,-0.068275,0.0063319,-0.0020976,-0.25019,-0.0044671,0.0039675,-0.00011061,-5.24E-05,-7.08E-05,-0.00056204
14,0.96028,0.081079,-0.00099475,0.00028046,-0.00075431,-0.029935,13.792,-0.63436,-0.070072,0.0063667,-0.0021535,-0.25318,-0.0044682,0.0039186,-0.00011037,-5.27E-05,-6.95E-05,-0.00055147
14.1,0.95983,0.081466,-0.0010058,0.00027517,-0.00076113,-0.029989,13.887,-0.65056,-0.071896,0.0064012,-0.0022098,-0.25618,-0.0044691,0.0038702,-0.00011013,-5.29E-05,-6.82E-05,-0.00054111
14.2,0.95938,0.081848,-0.0010168,0.00026986,-0.00076782,-0.030042,13.982,-0.667,-0.073749,0.0064353,-0.0022667,-0.25917,-0.0044697,0.0038221,-0.00010989,-5.31E-05,-6.69E-05,-0.00053095
14.3,0.95893,0.082225,-0.0010277,0.00026453,-0.00077438,-0.030094,14.077,-0.68367,-0.07563,0.0064691,-0.0023242,-0.26218,-0.00447,0.0037745,-0.00010964,-5.33E-05,-6.56E-05,-0.00052098
14.4,0.95849,0.082598,-0.0010387,0.00025918,-0.0007808,-0.030145,14.171,-0.70059,-0.077539,0.0065026,-0.0023822,-0.26519,-0.0044702,0.0037274,-0.00010939,-5.35E-05,-6.43E-05,-0.00051119
14.5,0.95804,0.082966,-0.0010496,0.00025382,-0.0007871,-0.030195,14.266,-0.71774,-0.079476,0.0065357,-0.0024406,-0.2682,-0.00447,0.0036806,-0.00010914,-5.36E-05,-6.30E-05,-0.00050159
14.6,0.95759,0.08333,-0.0010605,0.00024845,-0.00079326,-0.030245,14.361,-0.73512,-0.081442,0.0065684,-0.0024996,-0.27122,-0.0044697,0.0036343,-0.00010889,-5.37E-05,-6.16E-05,-0.00049217
14.7,0.95715,0.083689,-0.0010713,0.00024307,-0.00079929,-0.030293,14.455,-0.75275,-0.083435,0.0066008,-0.0025591,-0.27425,-0.0044691,0.0035884,-0.00010864,-5.38E-05,-6.03E-05,-0.00048292
14.8,0.9567,0.084043,-0.0010822,0.00023768,-0.00080519,-0.03034,14.55,-0.77061,-0.085458,0.0066329,-0.002619,-0.27728,-0.0044683,0.003543,-0.00010839,-5.39E-05,-5.90E-05,-0.00047384
14.9,0.95625,0.084393,-0.001093,0.00023228,-0.00081095,-0.030387,14.644,-0.78872,-0.087508,0.0066646,-0.0026794,-0.28031,-0.0044672,0.003498,-0.00010814,-5.40E-05,-5.76E-05,-0.00046493
15,0.95581,0.084738,-0.0011038,0.00022688,-0.00081658,-0.030432,14.738,-0.80706,-0.089588,0.006696,-0.0027402,-0.28335,-0.0044659,0.0034534,-0.00010789,-5.40E-05,-5.63E-05,-0.00045619
15.1,0.95536,0.085079,-0.0011145,0.00022147,-0.00082208,-0.030477,14.832,-0.82565,-0.091696,0.006727,-0.0028015,-0.2864,-0.0044645,0.0034092,-0.00010764,-5.40E-05,-5.50E-05,-0.0004476
15.2,0.95491,0.085415,-0.0011253,0.00021607,-0.00082745,-0.030521,14.926,-0.84448,-0.093832,0.0067577,-0.0028632,-0.28944,-0.0044628,0.0033655,-0.00010739,-5.40E-05,-5.36E-05,-0.00043916
15.3,0.95447,0.085748,-0.001136,0.00021067,-0.00083268,-0.030564,15.02,-0.86354,-0.095997,0.0067881,-0.0029253,-0.2925,-0.0044609,0.0033221,-0.00010714,-5.40E-05,-5.23E-05,-0.00043088
15.4,0.95402,0.086076,-0.0011467,0.00020526,-0.00083777,-0.030606,15.114,-0.88285,-0.098191,0.0068181,-0.0029879,-0.29555,-0.0044588,0.0032792,-0.00010689,-5.40E-05,-5.10E-05,-0.00042274
15.5,0.95358,0.086399,-0.0011573,0.00019987,-0.00084274,-0.030648,15.208,-0.90241,-0.10041,0.0068477,-0.0030508,-0.29862,-0.0044564,0.0032368,-0.00010664,-5.40E-05,-4.96E-05,-0.00041475
15.6,0.95313,0.086719,-0.001168,0.00019447,-0.00084757,-0.030689,15.302,-0.9222,-0.10267,0.0068771,-0.003114,-0.30168,-0.0044539,0.0031947,-0.00010639,-5.39E-05,-4.83E-05,-0.0004069
15.7,0.95269,0.087034,-0.0011786,0.00018909,-0.00085227,-0.030729,15.395,-0.94224,-0.10495,0.0069061,-0.0031777,-0.30475,-0.0044512,0.0031531,-0.00010615,-5.39E-05,-4.70E-05,-0.00039919
15.8,0.95224,0.087345,-0.0011892,0.0001837,-0.00085684,-0.030768,15.489,-0.96252,-0.10726,0.0069348,-0.0032417,-0.30782,-0.0044483,0.0031119,-0.0001059,-5.38E-05,-4.57E-05,-0.00039161
15.9,0.9518,0.087652,-0.0011997,0.00017833,-0.00086127,-0.030806,15.582,-0.98305,-0.10959,0.0069631,-0.003306,-0.3109,-0.0044453,0.0030711,-0.00010566,-5.37E-05,-4.44E-05,-0.00038417
16,0.95135,0.087955,-0.0012103,0.00017297,-0.00086558,-0.030844,15.675,-1.0038,-0.11196,0.0069911,-0.0033707,-0.31398,-0.004442,0.0030307,-0.00010542,-5.36E-05,-4.31E-05,-0.00037685
16.1,0.95091,0.088254,-0.0012208,0.00016762,-0.00086975,-0.030881,15.769,-1.0248,-0.11436,0.0070188,-0.0034357,-0.31707,-0.0044386,0.0029908,-0.00010517,-5.35E-05,-4.18E-05,-0.00036967
16.2,0.95046,0.08855,-0.0012313,0.00016228,-0.0008738,-0.030917,15.862,-1.0461,-0.11678,0.0070462,-0.003501,-0.32016,-0.004435,0.0029512,-0.00010493,-5.34E-05,-4.05E-05,-0.0003626
16.3,0.95002,0.088841,-0.0012418,0.00015695,-0.00087772,-0.030953,15.955,-1.0676,-0.11924,0.0070732,-0.0035666,-0.32325,-0.0044312,0.0029121,-0.00010469,-5.33E-05,-3.92E-05,-0.00035566
16.4,0.94958,0.089128,-0.0012522,0.00015163,-0.0008815,-0.030987,16.048,-1.0894,-0.12172,0.0071,-0.0036325,-0.32634,-0.0044272,0.0028733,-0.00010446,-5.32E-05,-3.79E-05,-0.00034883
16.5,0.94914,0.089412,-0.0012626,0.00014633,-0.00088516,-0.031022,16.14,-1.1114,-0.12424,0.0071264,-0.0036986,-0.32944,-0.0044231,0.002835,-0.00010422,-5.30E-05,-3.66E-05,-0.00034212
16.6,0.94869,0.089691,-0.001273,0.00014104,-0.0008887,-0.031055,16.233,-1.1336,-0.12678,0.0071525,-0.003765,-0.33255,-0.0044188,0.0027971,-0.00010398,-5.29E-05,-3.53E-05,-0.00033553
16.7,0.94825,0.089967,-0.0012834,0.00013576,-0.00089211,-0.031088,16.326,-1.1561,-0.12935,0.0071783,-0.0038317,-0.33565,-0.0044143,0.0027595,-0.00010375,-5.27E-05,-3.41E-05,-0.00032904
16.8,0.94781,0.09024,-0.0012938,0.0001305,-0.00089539,-0.03112,16.418,-1.1788,-0.13195,0.0072038,-0.0038986,-0.33876,-0.0044097,0.0027224,-0.00010352,-5.26E-05,-3.28E-05,-0.00032266
16.9,0.94737,0.090508,-0.0013041,0.00012526,-0.00089855,-0.031152,16.511,-1.2018,-0.13458,0.007229,-0.0039657,-0.34187,-0.004405,0.0026857,-0.00010329,-5.24E-05,-3.16E-05,-0.00031639
17,0.94693,0.090773,-0.0013144,0.00012003,-0.00090159,-0.031183,16.603,-1.225,-0.13724,0.0072539,-0.004033,-0.34499,-0.0044,0.0026493,-0.00010306,-5.23E-05,-3.04E-05,-0.00031023
17.1,0.94649,0.091034,-0.0013247,0.00011482,-0.0009045,-0.031214,16.695,-1.2485,-0.13993,0.0072784,-0.0041006,-0.34811,-0.004395,0.0026134,-0.00010283,-5.21E-05,-2.91E-05,-0.00030417
17.2,0.94605,0.091292,-0.0013349,0.00010963,-0.00090729,-0.031243,16.787,-1.2723,-0.14265,0.0073027,-0.0041683,-0.35123,-0.0043898,0.0025778,-0.0001026,-5.19E-05,-2.79E-05,-0.0002982
17.3,0.94561,0.091546,-0.0013452,0.00010445,-0.00090997,-0.031273,16.879,-1.2962,-0.1454,0.0073267,-0.0042362,-0.35436,-0.0043844,0.0025427,-0.00010238,-5.18E-05,-2.67E-05,-0.00029234
17.4,0.94518,0.091797,-0.0013554,9.93E-05,-0.00091252,-0.031301,16.971,-1.3205,-0.14817,0.0073504,-0.0043043,-0.35748,-0.0043789,0.0025079,-0.00010215,-5.16E-05,-2.55E-05,-0.00028657
17.5,0.94474,0.092045,-0.0013656,9.42E-05,-0.00091496,-0.031329,17.063,-1.3449,-0.15098,0.0073738,-0.0043725,-0.36061,-0.0043733,0.0024734,-0.00010193,-5.14E-05,-2.44E-05,-0.00028089
17.6,0.9443,0.092288,-0.0013758,8.90E-05,-0.00091728,-0.031357,17.154,-1.3697,-0.15382,0.0073969,-0.0044409,-0.36375,-0.0043675,0.0024394,-0.00010171,-5.12E-05,-2.32E-05,-0.00027531
17.7,0.94387,0.092529,-0.0013859,8.39E-05,-0.00091949,-0.031384,17.246,-1.3946,-0.15668,0.0074198,-0.0045095,-0.36688,-0.0043616,0.0024057,-0.00010148,-5.10E-05,-2.21E-05,-0.00026982
17.8,0.94343,0.092766,-0.001396,7.89E-05,-0.00092158,-0.03141,17.337,-1.4198,-0.15957,0.0074423,-0.0045781,-0.37002,-0.0043556,0.0023724,-0.00010126,-5.08E-05,-2.09E-05,-0.00026441
17.9,0.943,0.093,-0.0014061,7.38E-05,-0.00092355,-0.031436,17.429,-1.4453,-0.1625,0.0074646,-0.0046469,-0.37316,-0.0043494,0.0023395,-0.00010104,-5.06E-05,-1.98E-05,-0.00025909
18,0.94256,0.093231,-0.0014162,6.88E-05,-0.00092542,-0.031462,17.52,-1.471,-0.16545,0.0074866,-0.0047158,-0.37631,-0.0043431,0.002307,-0.00010083,-5.04E-05,-1.87E-05,-0.00025386
18.1,0.94213,0.093458,-0.0014263,6.37E-05,-0.00092718,-0.031486,17.611,-1.497,-0.16843,0.0075083,-0.0047848,-0.37946,-0.0043367,0.0022748,-0.00010061,-5.02E-05,-1.76E-05,-0.00024871
18.2,0.9417,0.093683,-0.0014363,5.87E-05,-0.00092882,-0.031511,17.702,-1.5232,-0.17145,0.0075297,-0.0048538,-0.3826,-0.0043302,0.0022429,-0.00010039,-5.00E-05,-1.65E-05,-0.00024365
18.3,0.94126,0.093904,-0.0014463,5.38E-05,-0.00093036,-0.031535,17.793,-1.5497,-0.17449,0.0075509,-0.004923,-0.38576,-0.0043236,0.0022115,-0.00010018,-4.98E-05,-1.54E-05,-0.00023866
18.4,0.94083,0.094122,-0.0014563,4.88E-05,-0.00093179,-0.031558,17.883,-1.5764,-0.17756,0.0075718,-0.0049922,-0.38891,-0.0043168,0.0021803,-1.00E-04,-4.96E-05,-1.43E-05,-0.00023376
18.5,0.9404,0.094337,-0.0014663,4.39E-05,-0.00093312,-0.031581,17.974,-1.6034,-0.18066,0.0075924,-0.0050615,-0.39207,-0.0043099,0.0021496,-9.97E-05,-4.94E-05,-1.33E-05,-0.00022893
18.6,0.93997,0.094549,-0.0014763,3.90E-05,-0.00093434,-0.031603,18.065,-1.6306,-0.18379,0.0076128,-0.0051308,-0.39523,-0.004303,0.0021191,-9.95E-05,-4.91E-05,-1.22E-05,-0.00022417
18.7,0.93954,0.094758,-0.0014862,3.41E-05,-0.00093546,-0.031625,18.155,-1.658,-0.18695,0.0076329,-0.0052002,-0.39839,-0.0042959,0.0020891,-9.93E-05,-4.89E-05,-1.12E-05,-0.00021949
18.8,0.93911,0.094964,-0.0014961,2.92E-05,-0.00093648,-0.031647,18.245,-1.6857,-0.19014,0.0076528,-0.0052696,-0.40155,-0.0042887,0.0020593,-9.91E-05,-4.87E-05,-1.02E-05,-0.00021489
18.9,0.93868,0.095167,-0.001506,2.43E-05,-0.0009374,-0.031668,18.335,-1.7137,-0.19335,0.0076724,-0.005339,-0.40472,-0.0042814,0.0020299,-9.89E-05,-4.85E-05,-9.18E-06,-0.00021036
19,0.93826,0.095367,-0.0015159,1.95E-05,-0.00093822,-0.031688,18.425,-1.7419,-0.1966,0.0076917,-0.0054085,-0.40788,-0.004274,0.0020009,-9.87E-05,-4.82E-05,-8.19E-06,-0.00020589
19.1,0.93783,0.095564,-0.0015257,1.47E-05,-0.00093894,-0.031709,18.515,-1.7704,-0.19988,0.0077108,-0.0054779,-0.41105,-0.0042665,0.0019722,-9.85E-05,-4.80E-05,-7.22E-06,-0.0002015
19.2,0.9374,0.095758,-0.0015355,9.94E-06,-0.00093956,-0.031728,18.605,-1.7991,-0.20318,0.0077297,-0.0055474,-0.41422,-0.0042589,0.0019438,-9.83E-05,-4.78E-05,-6.26E-06,-0.00019717
19.3,0.93698,0.09595,-0.0015453,5.18E-06,-0.0009401,-0.031748,18.695,-1.8281,-0.20652,0.0077483,-0.0056168,-0.4174,-0.0042512,0.0019157,-9.80E-05,-4.76E-05,-5.32E-06,-0.00019291
19.4,0.93655,0.096139,-0.0015551,4.47E-07,-0.00094053,-0.031766,18.784,-1.8573,-0.20988,0.0077666,-0.0056862,-0.42057,-0.0042434,0.0018879,-9.78E-05,-4.73E-05,-4.39E-06,-0.00018872
19.5,0.93613,0.096325,-0.0015649,-4.26E-06,-0.00094088,-0.031785,18.874,-1.8867,-0.21328,0.0077847,-0.0057556,-0.42375,-0.0042355,0.0018605,-9.76E-05,-4.71E-05,-3.47E-06,-0.00018459
19.6,0.93571,0.096508,-0.0015746,-8.95E-06,-0.00094114,-0.031803,18.963,-1.9164,-0.2167,0.0078026,-0.0058249,-0.42693,-0.0042275,0.0018334,-9.74E-05,-4.68E-05,-2.56E-06,-0.00018053
19.7,0.93529,0.096689,-0.0015843,-1.36E-05,-0.00094131,-0.031821,19.052,-1.9464,-0.22015,0.0078202,-0.0058942,-0.43011,-0.0042195,0.0018066,-9.72E-05,-4.66E-05,-1.67E-06,-0.00017652
19.8,0.93486,0.096867,-0.001594,-1.82E-05,-0.00094139,-0.031838,19.141,-1.9766,-0.22363,0.0078376,-0.0059635,-0.43329,-0.0042114,0.0017802,-9.70E-05,-4.64E-05,-7.99E-07,-0.00017258
19.9,0.93444,0.097042,-0.0016037,-2.29E-05,-0.00094138,-0.031855,19.23,-2.0071,-0.22714,0.0078548,-0.0060326,-0.43648,-0.0042031,0.001754,-9.68E-05,-4.61E-05,6.31E-08,-0.0001687
20,0.93402,0.097215,-0.0016134,-2.74E-05,-0.00094129,-0.031871,19.319,-2.0378,-0.23068,0.0078717,-0.0061018,-0.43966,-0.0041948,0.0017281,-9.66E-05,-4.59E-05,9.11E-07,-0.00016488
20.1,0.93361,0.097385,-0.001623,-3.20E-05,-0.00094111,-0.031887,19.408,-2.0687,-0.23425,0.0078884,-0.0061708,-0.44285,-0.0041864,0.0017026,-9.63E-05,-4.56E-05,1.75E-06,-0.00016111
20.2,0.93319,0.097553,-0.0016326,-3.65E-05,-0.00094086,-0.031903,19.496,-2.0999,-0.23785,0.0079049,-0.0062398,-0.44604,-0.004178,0.0016773,-9.61E-05,-4.54E-05,2.57E-06,-0.00015741
20.3,0.93277,0.097718,-0.0016422,-4.11E-05,-0.00094052,-0.031918,19.585,-2.1314,-0.24148,0.0079212,-0.0063086,-0.44923,-0.0041694,0.0016524,-9.59E-05,-4.51E-05,3.37E-06,-0.00015375
20.4,0.93236,0.097881,-0.0016518,-4.55E-05,-0.0009401,-0.031933,19.673,-2.1631,-0.24514,0.0079372,-0.0063774,-0.45242,-0.0041608,0.0016277,-9.57E-05,-4.49E-05,4.16E-06,-0.00015016
20.5,0.93194,0.098041,-0.0016613,-5.00E-05,-0.00093961,-0.031948,19.761,-2.195,-0.24882,0.007953,-0.006446,-0.45562,-0.0041521,0.0016033,-9.55E-05,-4.46E-05,4.94E-06,-0.00014662
20.6,0.93153,0.098199,-0.0016709,-5.44E-05,-0.00093904,-0.031962,19.849,-2.2272,-0.25254,0.0079686,-0.0065146,-0.45881,-0.0041434,0.0015793,-9.53E-05,-4.44E-05,5.71E-06,-0.00014313
20.7,0.93111,0.098355,-0.0016804,-5.89E-05,-0.00093839,-0.031976,19.937,-2.2597,-0.25628,0.007984,-0.006583,-0.46201,-0.0041346,0.0015555,-9.50E-05,-4.41E-05,6.46E-06,-0.00013969
20.8,0.9307,0.098508,-0.0016898,-6.32E-05,-0.00093767,-0.03199,20.025,-2.2924,-0.26005,0.0079992,-0.0066513,-0.46521,-0.0041257,0.001532,-9.48E-05,-4.39E-05,7.20E-06,-0.00013631
20.9,0.93029,0.098659,-0.0016993,-6.76E-05,-0.00093688,-0.032003,20.112,-2.3253,-0.26385,0.0080141,-0.0067195,-0.46841,-0.0041167,0.0015087,-9.46E-05,-4.36E-05,7.92E-06,-0.00013297
21,0.92988,0.098807,-0.0017087,-7.19E-05,-0.00093602,-0.032016,20.2,-2.3585,-0.26768,0.0080289,-0.0067875,-0.47161,-0.0041077,0.0014858,-9.44E-05,-4.33E-05,8.63E-06,-0.00012969
21.1,0.92947,0.098954,-0.0017182,-7.62E-05,-0.00093508,-0.032029,20.287,-2.392,-0.27154,0.0080434,-0.0068554,-0.47481,-0.0040986,0.0014631,-9.42E-05,-4.31E-05,9.33E-06,-0.00012646
21.2,0.92906,0.099098,-0.0017276,-8.05E-05,-0.00093408,-0.032041,20.374,-2.4257,-0.27543,0.0080578,-0.0069232,-0.47802,-0.0040894,0.0014407,-9.40E-05,-4.28E-05,1.00E-05,-0.00012327
21.3,0.92865,0.09924,-0.0017369,-8.48E-05,-0.00093301,-0.032053,20.461,-2.4596,-0.27935,0.0080719,-0.0069908,-0.48122,-0.0040802,0.0014185,-9.37E-05,-4.25E-05,1.07E-05,-0.00012013
21.4,0.92824,0.099379,-0.0017463,-8.90E-05,-0.00093188,-0.032065,20.548,-2.4938,-0.28329,0.0080858,-0.0070582,-0.48443,-0.004071,0.0013967,-9.35E-05,-4.23E-05,1.13E-05,-0.00011704
21.5,0.92784,0.099517,-0.0017556,-9.32E-05,-0.00093068,-0.032076,20.635,-2.5282,-0.28727,0.0080996,-0.0071255,-0.48763,-0.0040616,0.0013751,-9.33E-05,-4.20E-05,1.20E-05,-0.000114
21.6,0.92743,0.099652,-0.0017649,-9.74E-05,-0.00092942,-0.032087,20.721,-2.5629,-0.29127,0.0081131,-0.0071925,-0.49084,-0.0040523,0.0013537,-9.31E-05,-4.17E-05,1.26E-05,-0.00011099
21.7,0.92703,0.099785,-0.0017742,-0.00010152,-0.0009281,-0.032098,20.808,-2.5978,-0.2953,0.0081265,-0.0072594,-0.49405,-0.0040428,0.0013326,-9.28E-05,-4.15E-05,1.32E-05,-0.00010804
21.8,0.92662,0.099917,-0.0017835,-0.00010564,-0.00092671,-0.032109,20.894,-2.633,-0.29936,0.0081396,-0.0073262,-0.49726,-0.0040333,0.0013118,-9.26E-05,-4.12E-05,1.38E-05,-0.00010513
21.9,0.92622,0.10005,-0.0017927,-0.00010973,-0.00092527,-0.032119,20.981,-2.6684,-0.30345,0.0081526,-0.0073927,-0.50047,-0.0040238,0.0012912,-9.24E-05,-4.09E-05,1.44E-05,-0.00010226
22,0.92582,0.10017,-0.0018019,-0.0001138,-0.00092377,-0.032129,21.067,-2.7041,-0.30757,0.0081654,-0.007459,-0.50369,-0.0040142,0.0012709,-9.21E-05,-4.07E-05,1.50E-05,-9.94E-05
22.1,0.92542,0.1003,-0.0018111,-0.00011784,-0.00092221,-0.032139,21.152,-2.74,-0.31171,0.008178,-0.0075252,-0.5069,-0.0040046,0.0012508,-9.19E-05,-4.04E-05,1.56E-05,-9.67E-05
22.2,0.92502,0.10042,-0.0018203,-0.00012185,-0.0009206,-0.032148,21.238,-2.7761,-0.31589,0.0081904,-0.0075911,-0.51012,-0.0039949,0.001231,-9.17E-05,-4.01E-05,1.61E-05,-9.39E-05
22.3,0.92462,0.10054,-0.0018294,-0.00012584,-0.00091893,-0.032157,21.324,-2.8125,-0.32009,0.0082026,-0.0076568,-0.51333,-0.0039852,0.0012114,-9.14E-05,-3.98E-05,1.67E-05,-9.12E-05
22.4,0.92422,0.10066,-0.0018385,-0.00012979,-0.00091721,-0.032166,21.409,-2.8492,-0.32432,0.0082146,-0.0077224,-0.51655,-0.0039754,0.001192,-9.12E-05,-3.96E-05,1.72E-05,-8.85E-05
22.5,0.92383,0.10078,-0.0018476,-0.00013372,-0.00091544,-0.032175,21.495,-2.8861,-0.32858,0.0082265,-0.0077876,-0.51976,-0.0039656,0.0011729,-9.10E-05,-3.93E-05,1.77E-05,-8.59E-05
22.6,0.92343,0.10089,-0.0018567,-0.00013763,-0.00091361,-0.032183,21.58,-2.9232,-0.33287,0.0082382,-0.0078527,-0.52298,-0.0039557,0.001154,-9.07E-05,-3.90E-05,1.82E-05,-8.33E-05
22.7,0.92304,0.10101,-0.0018657,-0.0001415,-0.00091174,-0.032191,21.665,-2.9606,-0.33718,0.0082497,-0.0079176,-0.5262,-0.0039458,0.0011354,-9.05E-05,-3.88E-05,1.87E-05,-8.08E-05
22.8,0.92264,0.10112,-0.0018748,-0.00014535,-0.00090982,-0.032199,21.75,-2.9982,-0.34153,0.008261,-0.0079822,-0.52942,-0.0039359,0.0011169,-9.02E-05,-3.85E-05,1.92E-05,-7.83E-05
22.9,0.92225,0.10123,-0.0018838,-0.00014917,-0.00090785,-0.032206,21.835,-3.0361,-0.3459,0.0082722,-0.0080466,-0.53264,-0.0039259,0.0010987,-9.00E-05,-3.82E-05,1.97E-05,-7.58E-05
23,0.92186,0.10134,-0.0018927,-0.00015296,-0.00090584,-0.032214,21.919,-3.0742,-0.3503,0.0082832,-0.0081107,-0.53586,-0.0039159,0.0010808,-8.97E-05,-3.79E-05,2.01E-05,-7.34E-05
23.1,0.92147,0.10144,-0.0019017,-0.00015673,-0.00090378,-0.032221,22.004,-3.1125,-0.35473,0.0082941,-0.0081746,-0.53909,-0.0039058,0.001063,-8.95E-05,-3.77E-05,2.06E-05,-7.10E-05
23.2,0.92108,0.10155,-0.0019106,-0.00016047,-0.00090168,-0.032228,22.088,-3.1511,-0.35918,0.0083047,-0.0082382,-0.54231,-0.0038957,0.0010455,-8.93E-05,-3.74E-05,2.10E-05,-6.86E-05
23.3,0.92069,0.10165,-0.0019195,-0.00016418,-0.00089953,-0.032234,22.172,-3.19,-0.36367,0.0083152,-0.0083016,-0.54553,-0.0038856,0.0010282,-8.90E-05,-3.71E-05,2.15E-05,-6.63E-05
23.4,0.9203,0.10175,-0.0019284,-0.00016787,-0.00089735,-0.032241,22.256,-3.229,-0.36818,0.0083256,-0.0083648,-0.54876,-0.0038755,0.0010111,-8.87E-05,-3.68E-05,2.19E-05,-6.40E-05
23.5,0.91992,0.10185,-0.0019372,-0.00017152,-0.00089512,-0.032247,22.34,-3.2684,-0.37272,0.0083358,-0.0084277,-0.55198,-0.0038653,0.00099416,-8.85E-05,-3.66E-05,2.23E-05,-6.17E-05
23.6,0.91953,0.10195,-0.0019461,-0.00017515,-0.00089285,-0.032253,22.423,-3.3079,-0.37728,0.0083458,-0.0084903,-0.55521,-0.0038551,0.00097748,-8.82E-05,-3.63E-05,2.27E-05,-5.95E-05
23.7,0.91915,0.10205,-0.0019549,-0.00017876,-0.00089055,-0.032259,22.507,-3.3477,-0.38188,0.0083557,-0.0085527,-0.55843,-0.0038448,0.00096101,-8.80E-05,-3.60E-05,2.30E-05,-5.73E-05
23.8,0.91876,0.10214,-0.0019636,-0.00018233,-0.0008882,-0.032264,22.59,-3.3878,-0.3865,0.0083654,-0.0086148,-0.56166,-0.0038345,0.00094474,-8.77E-05,-3.58E-05,2.34E-05,-5.52E-05
23.9,0.91838,0.10223,-0.0019724,-0.00018588,-0.00088583,-0.032269,22.674,-3.4281,-0.39115,0.008375,-0.0086766,-0.56489,-0.0038242,0.00092867,-8.75E-05,-3.55E-05,2.38E-05,-5.30E-05
24,0.918,0.10232,-0.0019811,-0.0001894,-0.00088341,-0.032275,22.757,-3.4686,-0.39583,0.0083844,-0.0087382,-0.56811,-0.0038139,0.00091281,-8.72E-05,-3.52E-05,2.41E-05,-5.09E-05
24.1,0.91762,0.10241,-0.0019898,-0.0001929,-0.00088097,-0.032279,22.839,-3.5094,-0.40053,0.0083937,-0.0087994,-0.57134,-0.0038036,0.00089714,-8.69E-05,-3.49E-05,2.45E-05,-4.89E-05
24.2,0.91724,0.1025,-0.0019985,-0.00019636,-0.00087848,-0.032284,22.922,-3.5504,-0.40526,0.0084028,-0.0088604,-0.57457,-0.0037932,0.00088167,-8.67E-05,-3.47E-05,2.48E-05,-4.68E-05
24.3,0.91686,0.10259,-0.0020071,-0.0001998,-0.00087597,-0.032289,23.005,-3.5916,-0.41002,0.0084117,-0.0089212,-0.5778,-0.0037828,0.00086639,-8.64E-05,-3.44E-05,2.51E-05,-4.48E-05
24.4,0.91648,0.10267,-0.0020157,-0.00020322,-0.00087343,-0.032293,23.087,-3.6331,-0.41481,0.0084206,-0.0089816,-0.58103,-0.0037724,0.00085131,-8.61E-05,-3.41E-05,2.54E-05,-4.29E-05
24.5,0.91611,0.10276,-0.0020243,-0.00020661,-0.00087085,-0.032297,23.169,-3.6748,-0.41962,0.0084293,-0.0090417,-0.58426,-0.0037619,0.00083641,-8.59E-05,-3.39E-05,2.57E-05,-4.09E-05
24.6,0.91573,0.10284,-0.0020329,-0.00020997,-0.00086825,-0.032301,23.251,-3.7168,-0.42447,0.0084378,-0.0091016,-0.58749,-0.0037514,0.0008217,-8.56E-05,-3.36E-05,2.60E-05,-3.90E-05
24.7,0.91536,0.10292,-0.0020414,-0.0002133,-0.00086562,-0.032305,23.333,-3.7589,-0.42933,0.0084462,-0.0091612,-0.59072,-0.0037409,0.00080717,-8.53E-05,-3.33E-05,2.63E-05,-3.71E-05
24.8,0.91499,0.103,-0.0020499,-0.00021661,-0.00086296,-0.032308,23.415,-3.8014,-0.43423,0.0084545,-0.0092204,-0.59395,-0.0037304,0.00079283,-8.50E-05,-3.31E-05,2.66E-05,-3.52E-05
24.9,0.91461,0.10308,-0.0020584,-0.00021989,-0.00086027,-0.032311,23.497,-3.844,-0.43915,0.0084626,-0.0092794,-0.59718,-0.0037199,0.00077867,-8.48E-05,-3.28E-05,2.69E-05,-3.34E-05
25,0.91424,0.10315,-0.0020668,-0.00022314,-0.00085756,-0.032315,23.578,-3.8869,-0.4441,0.0084706,-0.0093381,-0.60042,-0.0037094,0.00076469,-8.45E-05,-3.25E-05,2.71E-05,-3.16E-05
25.1,0.91387,0.10323,-0.0020752,-0.00022637,-0.00085482,-0.032318,23.659,-3.9301,-0.44908,0.0084785,-0.0093965,-0.60365,-0.0036988,0.00075088,-8.42E-05,-3.23E-05,2.74E-05,-2.98E-05
25.2,0.9135,0.1033,-0.0020836,-0.00022957,-0.00085206,-0.03232,23.74,-3.9735,-0.45408,0.0084862,-0.0094546,-0.60688,-0.0036882,0.00073725,-8.39E-05,-3.20E-05,2.76E-05,-2.81E-05
25.3,0.91314,0.10337,-0.002092,-0.00023275,-0.00084928,-0.032323,23.821,-4.0171,-0.45911,0.0084938,-0.0095123,-0.61011,-0.0036777,0.0007238,-8.36E-05,-3.18E-05,2.78E-05,-2.64E-05
25.4,0.91277,0.10345,-0.0021003,-0.0002359,-0.00084647,-0.032325,23.902,-4.0609,-0.46416,0.0085013,-0.0095698,-0.61335,-0.003667,0.00071051,-8.33E-05,-3.15E-05,2.81E-05,-2.47E-05
25.5,0.9124,0.10352,-0.0021086,-0.00023903,-0.00084364,-0.032328,23.983,-4.105,-0.46925,0.0085087,-0.009627,-0.61658,-0.0036564,0.00069739,-8.31E-05,-3.12E-05,2.83E-05,-2.30E-05
25.6,0.91204,0.10358,-0.0021169,-0.00024213,-0.00084079,-0.03233,24.063,-4.1493,-0.47435,0.0085159,-0.0096838,-0.61981,-0.0036458,0.00068444,-8.28E-05,-3.10E-05,2.85E-05,-2.13E-05
25.7,0.91168,0.10365,-0.0021252,-0.0002452,-0.00083792,-0.032332,24.143,-4.1938,-0.47949,0.008523,-0.0097404,-0.62305,-0.0036352,0.00067165,-8.25E-05,-3.07E-05,2.87E-05,-1.97E-05
25.8,0.91131,0.10372,-0.0021334,-0.00024825,-0.00083504,-0.032334,24.224,-4.2386,-0.48465,0.00853,-0.0097966,-0.62628,-0.0036245,0.00065903,-8.22E-05,-3.05E-05,2.89E-05,-1.81E-05
25.9,0.91095,0.10378,-0.0021416,-0.00025127,-0.00083213,-0.032335,24.303,-4.2836,-0.48984,0.0085368,-0.0098525,-0.62951,-0.0036138,0.00064656,-8.19E-05,-3.02E-05,2.91E-05,-1.65E-05
26,0.91059,0.10385,-0.0021497,-0.00025427,-0.00082921,-0.032337,24.383,-4.3289,-0.49505,0.0085436,-0.0099081,-0.63275,-0.0036032,0.00063426,-8.16E-05,-3.00E-05,2.92E-05,-1.50E-05
26.1,0.91023,0.10391,-0.0021578,-0.00025724,-0.00082626,-0.032338,24.463,-4.3743,-0.50029,0.0085502,-0.0099634,-0.63598,-0.0035925,0.00062211,-8.13E-05,-2.97E-05,2.94E-05,-1.34E-05
26.2,0.90987,0.10397,-0.0021659,-0.00026019,-0.00082331,-0.032339,24.542,-4.42,-0.50556,0.0085567,-0.010018,-0.63922,-0.0035818,0.00061012,-8.10E-05,-2.95E-05,2.96E-05,-1.19E-05
26.3,0.90952,0.10403,-0.002174,-0.00026311,-0.00082034,-0.03234,24.621,-4.466,-0.51085,0.0085631,-0.010073,-0.64245,-0.0035711,0.00059828,-8.07E-05,-2.92E-05,2.97E-05,-1.05E-05
26.4,0.90916,0.10409,-0.0021821,-0.000266,-0.00081735,-0.032341,24.7,-4.5121,-0.51617,0.0085694,-0.010127,-0.64569,-0.0035604,0.0005866,-8.04E-05,-2.90E-05,2.99E-05,-9.00E-06
26.5,0.90881,0.10414,-0.0021901,-0.00026888,-0.00081435,-0.032342,24.779,-4.5585,-0.52152,0.0085755,-0.010181,-0.64892,-0.0035497,0.00057506,-8.01E-05,-2.87E-05,3.00E-05,-7.57E-06
26.6,0.90845,0.1042,-0.002198,-0.00027173,-0.00081133,-0.032343,24.858,-4.6051,-0.52689,0.0085816,-0.010235,-0.65216,-0.003539,0.00056367,-7.98E-05,-2.85E-05,3.01E-05,-6.15E-06
26.7,0.9081,0.10426,-0.002206,-0.00027455,-0.00080831,-0.032343,24.936,-4.652,-0.53228,0.0085875,-0.010288,-0.65539,-0.0035283,0.00055243,-7.95E-05,-2.82E-05,3.03E-05,-4.76E-06
26.8,0.90775,0.10431,-0.0022139,-0.00027735,-0.00080527,-0.032344,25.015,-4.6991,-0.5377,0.0085933,-0.010342,-0.65863,-0.0035175,0.00054134,-7.92E-05,-2.80E-05,3.04E-05,-3.38E-06
26.9,0.9074,0.10436,-0.0022218,-0.00028012,-0.00080222,-0.032344,25.093,-4.7464,-0.54315,0.0085991,-0.010394,-0.66186,-0.0035068,0.00053038,-7.88E-05,-2.77E-05,3.05E-05,-2.03E-06
27,0.90705,0.10442,-0.0022296,-0.00028287,-0.00079916,-0.032344,25.171,-4.7939,-0.54862,0.0086047,-0.010447,-0.6651,-0.0034961,0.00051957,-7.85E-05,-2.75E-05,3.06E-05,-7.01E-07
27.1,0.9067,0.10447,-0.0022375,-0.0002856,-0.00079609,-0.032344,25.249,-4.8416,-0.55412,0.0086102,-0.010499,-0.66833,-0.0034854,0.0005089,-7.82E-05,-2.73E-05,3.07E-05,6.09E-07
27.2,0.90635,0.10452,-0.0022453,-0.0002883,-0.00079301,-0.032344,25.326,-4.8896,-0.55964,0.0086156,-0.010551,-0.67157,-0.0034746,0.00049837,-7.79E-05,-2.70E-05,3.08E-05,1.90E-06
27.3,0.90601,0.10456,-0.002253,-0.00029098,-0.00078992,-0.032343,25.404,-4.9378,-0.56519,0.0086209,-0.010602,-0.6748,-0.0034639,0.00048797,-7.76E-05,-2.68E-05,3.09E-05,3.17E-06
27.4,0.90566,0.10461,-0.0022607,-0.00029364,-0.00078682,-0.032343,25.481,-4.9863,-0.57077,0.0086261,-0.010653,-0.67804,-0.0034531,0.00047771,-7.73E-05,-2.66E-05,3.10E-05,4.42E-06
27.5,0.90532,0.10466,-0.0022684,-0.00029627,-0.00078372,-0.032342,25.558,-5.0349,-0.57636,0.0086312,-0.010704,-0.68127,-0.0034424,0.00046758,-7.69E-05,-2.63E-05,3.11E-05,5.65E-06
27.6,0.90497,0.10471,-0.0022761,-0.00029888,-0.0007806,-0.032342,25.635,-5.0838,-0.58199,0.0086362,-0.010754,-0.68451,-0.0034317,0.00045759,-7.66E-05,-2.61E-05,3.11E-05,6.86E-06
27.7,0.90463,0.10475,-0.0022837,-0.00030146,-0.00077748,-0.032341,25.712,-5.1329,-0.58764,0.0086411,-0.010804,-0.68774,-0.0034209,0.00044772,-7.63E-05,-2.59E-05,3.12E-05,8.06E-06
27.8,0.90429,0.10479,-0.0022913,-0.00030402,-0.00077436,-0.03234,25.788,-5.1822,-0.59331,0.0086459,-0.010854,-0.69098,-0.0034102,0.00043798,-7.60E-05,-2.56E-05,3.12E-05,9.23E-06
27.9,0.90395,0.10484,-0.0022989,-0.00030656,-0.00077123,-0.032339,25.865,-5.2318,-0.59901,0.0086506,-0.010904,-0.69421,-0.0033995,0.00042837,-7.57E-05,-2.54E-05,3.13E-05,1.04E-05
28,0.90361,0.10488,-0.0023064,-0.00030908,-0.0007681,-0.032338,25.941,-5.2816,-0.60473,0.0086552,-0.010953,-0.69745,-0.0033888,0.00041889,-7.53E-05,-2.52E-05,3.14E-05,1.15E-05
28.1,0.90327,0.10492,-0.0023139,-0.00031157,-0.00076496,-0.032336,26.017,-5.3315,-0.61048,0.0086597,-0.011002,-0.70068,-0.003378,0.00040953,-7.50E-05,-2.49E-05,3.14E-05,1.26E-05
28.2,0.90294,0.10496,-0.0023214,-0.00031404,-0.00076181,-0.032335,26.093,-5.3818,-0.61625,0.0086641,-0.01105,-0.70392,-0.0033673,0.00040029,-7.47E-05,-2.47E-05,3.14E-05,1.37E-05
28.3,0.9026,0.105,-0.0023288,-0.00031649,-0.00075867,-0.032333,26.168,-5.4322,-0.62205,0.0086685,-0.011098,-0.70715,-0.0033566,0.00039117,-7.43E-05,-2.45E-05,3.15E-05,1.48E-05
28.4,0.90227,0.10504,-0.0023362,-0.00031892,-0.00075552,-0.032332,26.244,-5.4828,-0.62787,0.0086727,-0.011146,-0.71038,-0.0033459,0.00038217,-7.40E-05,-2.43E-05,3.15E-05,1.59E-05
28.5,0.90193,0.10507,-0.0023436,-0.00032132,-0.00075236,-0.03233,26.319,-5.5337,-0.63372,0.0086769,-0.011194,-0.71362,-0.0033352,0.0003733,-7.37E-05,-2.40E-05,3.15E-05,1.69E-05
28.6,0.9016,0.10511,-0.0023509,-0.0003237,-0.00074921,-0.032328,26.394,-5.5848,-0.63959,0.0086809,-0.011241,-0.71685,-0.0033245,0.00036453,-7.34E-05,-2.38E-05,3.15E-05,1.80E-05
28.7,0.90127,0.10515,-0.0023582,-0.00032606,-0.00074605,-0.032326,26.469,-5.6361,-0.64548,0.0086849,-0.011288,-0.72009,-0.0033138,0.00035589,-7.30E-05,-2.36E-05,3.16E-05,1.90E-05
28.8,0.90094,0.10518,-0.0023655,-0.0003284,-0.0007429,-0.032324,26.544,-5.6876,-0.6514,0.0086888,-0.011334,-0.72332,-0.0033031,0.00034736,-7.27E-05,-2.34E-05,3.16E-05,2.00E-05
28.9,0.90061,0.10521,-0.0023727,-0.00033071,-0.00073974,-0.032322,26.618,-5.7394,-0.65734,0.0086926,-0.01138,-0.72655,-0.0032924,0.00033894,-7.24E-05,-2.32E-05,3.16E-05,2.10E-05
29,0.90028,0.10525,-0.0023799,-0.00033301,-0.00073658,-0.03232,26.692,-5.7913,-0.66331,0.0086963,-0.011426,-0.72979,-0.0032817,0.00033063,-7.20E-05,-2.29E-05,3.16E-05,2.20E-05
29.1,0.89995,0.10528,-0.0023871,-0.00033528,-0.00073342,-0.032318,26.767,-5.8435,-0.6693,0.0087,-0.011472,-0.73302,-0.0032711,0.00032243,-7.17E-05,-2.27E-05,3.16E-05,2.29E-05
29.2,0.89963,0.10531,-0.0023942,-0.00033753,-0.00073027,-0.032316,26.841,-5.8959,-0.67531,0.0087035,-0.011517,-0.73625,-0.0032604,0.00031434,-7.13E-05,-2.25E-05,3.16E-05,2.38E-05
29.3,0.8993,0.10534,-0.0024013,-0.00033976,-0.00072711,-0.032313,26.914,-5.9485,-0.68135,0.008707,-0.011562,-0.73948,-0.0032498,0.00030636,-7.10E-05,-2.23E-05,3.16E-05,2.48E-05
29.4,0.89898,0.10537,-0.0024084,-0.00034197,-0.00072396,-0.03231,26.988,-6.0013,-0.68741,0.0087104,-0.011607,-0.74271,-0.0032391,0.00029849,-7.07E-05,-2.21E-05,3.15E-05,2.57E-05
29.5,0.89866,0.1054,-0.0024154,-0.00034416,-0.0007208,-0.032308,27.061,-6.0543,-0.69349,0.0087137,-0.011651,-0.74595,-0.0032285,0.00029072,-7.03E-05,-2.19E-05,3.15E-05,2.66E-05
29.6,0.89833,0.10543,-0.0024224,-0.00034633,-0.00071765,-0.032305,27.134,-6.1076,-0.6996,0.0087169,-0.011695,-0.74918,-0.0032179,0.00028305,-7.00E-05,-2.17E-05,3.15E-05,2.74E-05
29.7,0.89801,0.10546,-0.0024294,-0.00034847,-0.00071451,-0.032302,27.207,-6.161,-0.70573,0.0087201,-0.011738,-0.75241,-0.0032073,0.00027549,-6.96E-05,-2.15E-05,3.15E-05,2.83E-05
29.8,0.89769,0.10548,-0.0024363,-0.0003506,-0.00071136,-0.032299,27.28,-6.2147,-0.71189,0.0087232,-0.011782,-0.75564,-0.0031967,0.00026803,-6.93E-05,-2.13E-05,3.15E-05,2.92E-05
29.9,0.89738,0.10551,-0.0024432,-0.0003527,-0.00070822,-0.032296,27.353,-6.2686,-0.71806,0.0087262,-0.011825,-0.75887,-0.0031861,0.00026067,-6.89E-05,-2.11E-05,3.14E-05,3.00E-05
30,0.89706,0.10553,-0.0024501,-0.00035479,-0.00070508,-0.032293,27.425,-6.3227,-0.72426,0.0087291,-0.011867,-0.7621,-0.0031755,0.0002534,-6.86E-05,-2.08E-05,3.14E-05,3.08E-05
30.1,0.89674,0.10556,-0.0024569,-0.00035685,-0.00070195,-0.03229,27.497,-6.377,-0.73049,0.0087319,-0.011909,-0.76533,-0.0031649,0.00024624,-6.83E-05,-2.06E-05,3.13E-05,3.16E-05
30.2,0.89643,0.10558,-0.0024637,-0.0003589,-0.00069882,-0.032287,27.569,-6.4315,-0.73674,0.0087347,-0.011951,-0.76856,-0.0031544,0.00023917,-6.79E-05,-2.04E-05,3.13E-05,3.24E-05
30.3,0.89611,0.10561,-0.0024705,-0.00036092,-0.00069569,-0.032284,27.641,-6.4862,-0.743,0.0087374,-0.011993,-0.77179,-0.0031439,0.0002322,-6.76E-05,-2.02E-05,3.13E-05,3.32E-05
30.4,0.8958,0.10563,-0.0024772,-0.00036292,-0.00069257,-0.03228,27.712,-6.5411,-0.7493,0.0087401,-0.012035,-0.77502,-0.0031333,0.00022532,-6.72E-05,-2.00E-05,3.12E-05,3.40E-05
30.5,0.89549,0.10565,-0.0024839,-0.00036491,-0.00068945,-0.032277,27.784,-6.5962,-0.75561,0.0087426,-0.012076,-0.77825,-0.0031228,0.00021853,-6.69E-05,-1.98E-05,3.12E-05,3.47E-05
30.6,0.89517,0.10567,-0.0024905,-0.00036687,-0.00068634,-0.032273,27.855,-6.6516,-0.76195,0.0087451,-0.012116,-0.78148,-0.0031123,0.00021184,-6.65E-05,-1.97E-05,3.11E-05,3.55E-05
30.7,0.89486,0.10569,-0.0024971,-0.00036882,-0.00068324,-0.03227,27.926,-6.7071,-0.76831,0.0087475,-0.012157,-0.7847,-0.0031018,0.00020523,-6.62E-05,-1.95E-05,3.10E-05,3.62E-05
30.8,0.89456,0.10571,-0.0025037,-0.00037075,-0.00068014,-0.032266,27.997,-6.7629,-0.77469,0.0087499,-0.012197,-0.78793,-0.0030914,0.00019872,-6.58E-05,-1.93E-05,3.10E-05,3.69E-05
30.9,0.89425,0.10573,-0.0025103,-0.00037265,-0.00067705,-0.032262,28.067,-6.8188,-0.7811,0.0087522,-0.012237,-0.79116,-0.0030809,0.00019229,-6.55E-05,-1.91E-05,3.09E-05,3.76E-05
31,0.89394,0.10575,-0.0025168,-0.00037454,-0.00067397,-0.032258,28.138,-6.875,-0.78752,0.0087544,-0.012276,-0.79439,-0.0030704,0.00018596,-6.51E-05,-1.89E-05,3.09E-05,3.83E-05
31.1,0.89363,0.10577,-0.0025233,-0.00037641,-0.00067089,-0.032254,28.208,-6.9313,-0.79397,0.0087566,-0.012315,-0.79761,-0.00306,0.00017971,-6.48E-05,-1.87E-05,3.08E-05,3.90E-05
31.2,0.89333,0.10579,-0.0025297,-0.00037826,-0.00066782,-0.03225,28.278,-6.9879,-0.80044,0.0087586,-0.012354,-0.80084,-0.0030496,0.00017354,-6.44E-05,-1.85E-05,3.07E-05,3.96E-05
31.3,0.89303,0.1058,-0.0025361,-0.00038009,-0.00066475,-0.032246,28.348,-7.0446,-0.80693,0.0087607,-0.012393,-0.80406,-0.0030392,0.00016746,-6.41E-05,-1.83E-05,3.06E-05,4.03E-05
31.4,0.89272,0.10582,-0.0025425,-0.00038191,-0.0006617,-0.032242,28.417,-7.1016,-0.81345,0.0087626,-0.012431,-0.80729,-0.0030288,0.00016146,-6.37E-05,-1.81E-05,3.06E-05,4.09E-05
31.5,0.89242,0.10583,-0.0025488,-0.0003837,-0.00065865,-0.032238,28.487,-7.1588,-0.81999,0.0087645,-0.012469,-0.81052,-0.0030185,0.00015555,-6.34E-05,-1.79E-05,3.05E-05,4.16E-05
31.6,0.89212,0.10585,-0.0025551,-0.00038548,-0.00065561,-0.032234,28.556,-7.2162,-0.82654,0.0087664,-0.012506,-0.81374,-0.0030081,0.00014972,-6.30E-05,-1.78E-05,3.04E-05,4.22E-05
31.7,0.89182,0.10586,-0.0025614,-0.00038724,-0.00065257,-0.03223,28.625,-7.2737,-0.83312,0.0087681,-0.012544,-0.81696,-0.0029978,0.00014396,-6.27E-05,-1.76E-05,3.03E-05,4.28E-05
31.8,0.89152,0.10588,-0.0025676,-0.00038898,-0.00064955,-0.032225,28.694,-7.3315,-0.83972,0.0087698,-0.012581,-0.82019,-0.0029875,0.00013829,-6.23E-05,-1.74E-05,3.02E-05,4.34E-05
31.9,0.89122,0.10589,-0.0025738,-0.0003907,-0.00064654,-0.032221,28.762,-7.3895,-0.84635,0.0087715,-0.012617,-0.82341,-0.0029772,0.00013269,-6.20E-05,-1.72E-05,3.01E-05,4.40E-05
32,0.89093,0.1059,-0.00258,-0.0003924,-0.00064353,-0.032216,28.83,-7.4476,-0.85299,0.0087731,-0.012654,-0.82663,-0.0029669,0.00012718,-6.16E-05,-1.70E-05,3.01E-05,4.46E-05
32.1,0.89063,0.10592,-0.0025861,-0.00039409,-0.00064053,-0.032212,28.899,-7.506,-0.85966,0.0087746,-0.01269,-0.82986,-0.0029566,0.00012174,-6.13E-05,-1.69E-05,3.00E-05,4.51E-05
32.2,0.89034,0.10593,-0.0025922,-0.00039576,-0.00063754,-0.032207,28.966,-7.5645,-0.86634,0.0087761,-0.012726,-0.83308,-0.0029464,0.00011637,-6.09E-05,-1.67E-05,2.99E-05,4.57E-05
32.3,0.89004,0.10594,-0.0025982,-0.00039741,-0.00063457,-0.032203,29.034,-7.6233,-0.87305,0.0087775,-0.012761,-0.8363,-0.0029361,0.00011108,-6.06E-05,-1.65E-05,2.98E-05,4.62E-05
32.4,0.88975,0.10595,-0.0026043,-0.00039904,-0.0006316,-0.032198,29.102,-7.6822,-0.87978,0.0087789,-0.012796,-0.83952,-0.0029259,0.00010587,-6.02E-05,-1.63E-05,2.97E-05,4.68E-05
32.5,0.88946,0.10596,-0.0026102,-0.00040066,-0.00062864,-0.032193,29.169,-7.7414,-0.88653,0.0087802,-0.012831,-0.84274,-0.0029157,0.00010072,-5.99E-05,-1.62E-05,2.96E-05,4.73E-05
32.6,0.88917,0.10597,-0.0026162,-0.00040226,-0.00062569,-0.032189,29.236,-7.8007,-0.8933,0.0087814,-0.012866,-0.84596,-0.0029056,9.57E-05,-5.95E-05,-1.60E-05,2.95E-05,4.78E-05
32.7,0.88888,0.10598,-0.0026221,-0.00040384,-0.00062275,-0.032184,29.303,-7.8602,-0.90009,0.0087826,-0.0129,-0.84918,-0.0028954,9.07E-05,-5.91E-05,-1.58E-05,2.94E-05,4.83E-05
32.8,0.88859,0.10599,-0.002628,-0.00040541,-0.00061983,-0.032179,29.37,-7.92,-0.9069,0.0087838,-0.012934,-0.8524,-0.0028853,8.57E-05,-5.88E-05,-1.57E-05,2.93E-05,4.88E-05
32.9,0.8883,0.10599,-0.0026338,-0.00040695,-0.00061691,-0.032174,29.436,-7.9799,-0.91373,0.0087849,-0.012968,-0.85562,-0.0028752,8.09E-05,-5.84E-05,-1.55E-05,2.92E-05,4.93E-05
33,0.88802,0.106,-0.0026396,-0.00040849,-0.000614,-0.032169,29.502,-8.04,-0.92058,0.0087859,-0.013001,-0.85884,-0.0028651,7.61E-05,-5.81E-05,-1.53E-05,2.91E-05,4.98E-05
33.1,0.88773,0.10601,-0.0026454,-0.00041,-0.00061111,-0.032164,29.568,-8.1003,-0.92746,0.0087869,-0.013034,-0.86205,-0.002855,7.14E-05,-5.77E-05,-1.52E-05,2.90E-05,5.02E-05
33.2,0.88745,0.10602,-0.0026512,-0.0004115,-0.00060822,-0.032159,29.634,-8.1608,-0.93435,0.0087878,-0.013067,-0.86527,-0.002845,6.67E-05,-5.74E-05,-1.50E-05,2.89E-05,5.07E-05
33.3,0.88716,0.10602,-0.0026569,-0.00041299,-0.00060535,-0.032154,29.7,-8.2214,-0.94126,0.0087887,-0.0131,-0.86849,-0.0028349,6.21E-05,-5.70E-05,-1.48E-05,2.87E-05,5.11E-05
33.4,0.88688,0.10603,-0.0026625,-0.00041445,-0.00060248,-0.032149,29.765,-8.2823,-0.94819,0.0087895,-0.013132,-0.8717,-0.0028249,5.76E-05,-5.67E-05,-1.47E-05,2.86E-05,5.16E-05
33.5,0.8866,0.10603,-0.0026682,-0.0004159,-0.00059963,-0.032143,29.83,-8.3434,-0.95515,0.0087903,-0.013164,-0.87492,-0.0028149,5.31E-05,-5.63E-05,-1.45E-05,2.85E-05,5.20E-05
33.6,0.88632,0.10604,-0.0026738,-0.00041734,-0.00059679,-0.032138,29.895,-8.4046,-0.96212,0.008791,-0.013196,-0.87813,-0.0028049,4.87E-05,-5.60E-05,-1.44E-05,2.84E-05,5.24E-05
33.7,0.88604,0.10604,-0.0026793,-0.00041876,-0.00059396,-0.032133,29.96,-8.466,-0.96911,0.0087917,-0.013227,-0.88135,-0.002795,4.44E-05,-5.56E-05,-1.42E-05,2.83E-05,5.29E-05
33.8,0.88576,0.10605,-0.0026849,-0.00042016,-0.00059115,-0.032127,30.025,-8.5276,-0.97612,0.0087923,-0.013258,-0.88456,-0.0027851,4.01E-05,-5.53E-05,-1.40E-05,2.82E-05,5.33E-05
33.9,0.88548,0.10605,-0.0026904,-0.00042155,-0.00058834,-0.032122,30.089,-8.5894,-0.98315,0.0087929,-0.013289,-0.88778,-0.0027751,3.59E-05,-5.49E-05,-1.39E-05,2.80E-05,5.37E-05
34,0.88521,0.10605,-0.0026958,-0.00042292,-0.00058555,-0.032117,30.153,-8.6514,-0.99021,0.0087935,-0.01332,-0.89099,-0.0027653,3.18E-05,-5.46E-05,-1.37E-05,2.79E-05,5.40E-05
34.1,0.88493,0.10606,-0.0027012,-0.00042428,-0.00058277,-0.032111,30.217,-8.7136,-0.99728,0.008794,-0.01335,-0.8942,-0.0027554,2.77E-05,-5.42E-05,-1.36E-05,2.78E-05,5.44E-05
34.2,0.88466,0.10606,-0.0027066,-0.00042562,-0.00058,-0.032106,30.281,-8.7759,-1.0044,0.0087944,-0.01338,-0.89741,-0.0027455,2.36E-05,-5.39E-05,-1.34E-05,2.77E-05,5.48E-05
34.3,0.88438,0.10606,-0.002712,-0.00042695,-0.00057724,-0.0321,30.344,-8.8385,-1.0115,0.0087948,-0.01341,-0.90062,-0.0027357,1.97E-05,-5.36E-05,-1.33E-05,2.76E-05,5.52E-05
34.4,0.88411,0.10606,-0.0027173,-0.00042826,-0.0005745,-0.032095,30.407,-8.9012,-1.0186,0.0087952,-0.013439,-0.90383,-0.0027259,1.58E-05,-5.32E-05,-1.31E-05,2.74E-05,5.55E-05
34.5,0.88384,0.10606,-0.0027226,-0.00042956,-0.00057177,-0.032089,30.47,-8.9641,-1.0257,0.0087955,-0.013469,-0.90704,-0.0027161,1.19E-05,-5.29E-05,-1.30E-05,2.73E-05,5.59E-05
34.6,0.88357,0.10606,-0.0027278,-0.00043084,-0.00056905,-0.032083,30.533,-9.0272,-1.0329,0.0087958,-0.013497,-0.91025,-0.0027064,8.11E-06,-5.25E-05,-1.28E-05,2.72E-05,5.62E-05
34.7,0.8833,0.10606,-0.0027331,-0.00043211,-0.00056634,-0.032078,30.596,-9.0904,-1.0401,0.008796,-0.013526,-0.91346,-0.0026967,4.37E-06,-5.22E-05,-1.27E-05,2.71E-05,5.66E-05
34.8,0.88303,0.10606,-0.0027382,-0.00043336,-0.00056365,-0.032072,30.658,-9.1539,-1.0473,0.0087962,-0.013555,-0.91667,-0.0026869,6.84E-07,-5.18E-05,-1.25E-05,2.69E-05,5.69E-05
34.9,0.88276,0.10606,-0.0027434,-0.0004346,-0.00056097,-0.032066,30.72,-9.2175,-1.0545,0.0087963,-0.013583,-0.91988,-0.0026773,-2.95E-06,-5.15E-05,-1.24E-05,2.68E-05,5.72E-05
35,0.88249,0.10606,-0.0027485,-0.00043582,-0.0005583,-0.032061,30.782,-9.2813,-1.0618,0.0087964,-0.013611,-0.92309,-0.0026676,-6.53E-06,-5.11E-05,-1.22E-05,2.67E-05,5.75E-05
35.1,0.88223,0.10606,-0.0027536,-0.00043703,-0.00055564,-0.032055,30.844,-9.3452,-1.069,0.0087965,-0.013638,-0.92629,-0.0026579,-1.01E-05,-5.08E-05,-1.21E-05,2.66E-05,5.78E-05
35.2,0.88196,0.10606,-0.0027586,-0.00043823,-0.000553,-0.032049,30.905,-9.4094,-1.0763,0.0087965,-0.013666,-0.9295,-0.0026483,-1.35E-05,-5.05E-05,-1.20E-05,2.64E-05,5.81E-05
35.3,0.8817,0.10606,-0.0027636,-0.00043941,-0.00055037,-0.032043,30.967,-9.4737,-1.0836,0.0087965,-0.013693,-0.93271,-0.0026387,-1.69E-05,-5.01E-05,-1.18E-05,2.63E-05,5.84E-05
35.4,0.88144,0.10606,-0.0027686,-0.00044058,-0.00054776,-0.032037,31.028,-9.5382,-1.0909,0.0087964,-0.01372,-0.93591,-0.0026292,-2.03E-05,-4.98E-05,-1.17E-05,2.62E-05,5.87E-05
35.5,0.88118,0.10605,-0.0027736,-0.00044174,-0.00054515,-0.032031,31.088,-9.6029,-1.0982,0.0087963,-0.013746,-0.93911,-0.0026196,-2.36E-05,-4.94E-05,-1.15E-05,2.60E-05,5.90E-05
35.6,0.88091,0.10605,-0.0027785,-0.00044288,-0.00054256,-0.032026,31.149,-9.6677,-1.1056,0.0087962,-0.013773,-0.94232,-0.0026101,-2.69E-05,-4.91E-05,-1.14E-05,2.59E-05,5.92E-05
35.7,0.88065,0.10605,-0.0027833,-0.000444,-0.00053998,-0.03202,31.209,-9.7327,-1.113,0.008796,-0.013799,-0.94552,-0.0026006,-3.01E-05,-4.88E-05,-1.13E-05,2.58E-05,5.95E-05
35.8,0.8804,0.10605,-0.0027882,-0.00044512,-0.00053742,-0.032014,31.27,-9.7979,-1.1203,0.0087958,-0.013824,-0.94872,-0.0025911,-3.33E-05,-4.84E-05,-1.11E-05,2.56E-05,5.98E-05
35.9,0.88014,0.10604,-0.002793,-0.00044622,-0.00053487,-0.032008,31.329,-9.8633,-1.1277,0.0087956,-0.01385,-0.95193,-0.0025816,-3.64E-05,-4.81E-05,-1.10E-05,2.55E-05,6.00E-05
36,0.87988,0.10604,-0.0027978,-0.00044731,-0.00053233,-0.032002,31.389,-9.9288,-1.1352,0.0087953,-0.013875,-0.95513,-0.0025722,-3.95E-05,-4.77E-05,-1.09E-05,2.54E-05,6.03E-05
36.1,0.87962,0.10603,-0.0028025,-0.00044838,-0.00052981,-0.031996,31.449,-9.9945,-1.1426,0.008795,-0.0139,-0.95833,-0.0025628,-4.25E-05,-4.74E-05,-1.07E-05,2.52E-05,6.05E-05
36.2,0.87937,0.10603,-0.0028072,-0.00044944,-0.0005273,-0.031989,31.508,-10.06,-1.1501,0.0087946,-0.013925,-0.96153,-0.0025534,-4.55E-05,-4.71E-05,-1.06E-05,2.51E-05,6.07E-05
36.3,0.87911,0.10602,-0.0028119,-0.00045049,-0.0005248,-0.031983,31.567,-10.126,-1.1575,0.0087942,-0.01395,-0.96473,-0.002544,-4.85E-05,-4.67E-05,-1.05E-05,2.50E-05,6.10E-05
36.4,0.87886,0.10602,-0.0028165,-0.00045152,-0.00052232,-0.031977,31.626,-10.193,-1.165,0.0087938,-0.013974,-0.96793,-0.0025347,-5.13E-05,-4.64E-05,-1.04E-05,2.48E-05,6.12E-05
36.5,0.87861,0.10601,-0.0028211,-0.00045255,-0.00051985,-0.031971,31.684,-10.259,-1.1725,0.0087933,-0.013998,-0.97113,-0.0025254,-5.42E-05,-4.61E-05,-1.02E-05,2.47E-05,6.14E-05
36.6,0.87836,0.10601,-0.0028257,-0.00045356,-0.00051739,-0.031965,31.743,-10.326,-1.18,0.0087928,-0.014022,-0.97432,-0.0025161,-5.70E-05,-4.57E-05,-1.01E-05,2.46E-05,6.16E-05
36.7,0.87811,0.106,-0.0028303,-0.00045456,-0.00051495,-0.031959,31.801,-10.392,-1.1876,0.0087923,-0.014046,-0.97752,-0.0025068,-5.98E-05,-4.54E-05,-9.98E-06,2.44E-05,6.18E-05
36.8,0.87786,0.106,-0.0028348,-0.00045554,-0.00051252,-0.031953,31.859,-10.459,-1.1951,0.0087917,-0.014069,-0.98072,-0.0024976,-6.25E-05,-4.51E-05,-9.85E-06,2.43E-05,6.20E-05
36.9,0.87761,0.10599,-0.0028392,-0.00045651,-0.0005101,-0.031946,31.916,-10.526,-1.2027,0.0087912,-0.014092,-0.98391,-0.0024884,-6.51E-05,-4.48E-05,-9.73E-06,2.42E-05,6.22E-05
37,0.87736,0.10598,-0.0028437,-0.00045747,-0.0005077,-0.03194,31.974,-10.593,-1.2103,0.0087905,-0.014115,-0.98711,-0.0024792,-6.78E-05,-4.44E-05,-9.61E-06,2.40E-05,6.24E-05
37.1,0.87711,0.10598,-0.0028481,-0.00045842,-0.00050531,-0.031934,32.031,-10.661,-1.2179,0.0087899,-0.014138,-0.9903,-0.00247,-7.04E-05,-4.41E-05,-9.49E-06,2.39E-05,6.26E-05
37.2,0.87687,0.10597,-0.0028525,-0.00045936,-0.00050294,-0.031928,32.088,-10.728,-1.2255,0.0087892,-0.01416,-0.9935,-0.0024609,-7.29E-05,-4.38E-05,-9.37E-06,2.38E-05,6.27E-05
37.3,0.87662,0.10596,-0.0028568,-0.00046028,-0.00050058,-0.031921,32.145,-10.796,-1.2332,0.0087885,-0.014183,-0.99669,-0.0024518,-7.54E-05,-4.35E-05,-9.25E-06,2.36E-05,6.29E-05
37.4,0.87638,0.10595,-0.0028611,-0.0004612,-0.00049823,-0.031915,32.201,-10.864,-1.2408,0.0087877,-0.014205,-0.99988,-0.0024427,-7.79E-05,-4.31E-05,-9.13E-06,2.35E-05,6.31E-05
37.5,0.87613,0.10595,-0.0028654,-0.0004621,-0.00049589,-0.031909,32.257,-10.932,-1.2485,0.0087869,-0.014226,-1.0031,-0.0024336,-8.03E-05,-4.28E-05,-9.01E-06,2.33E-05,6.32E-05
37.6,0.87589,0.10594,-0.0028697,-0.00046299,-0.00049357,-0.031902,32.313,-11,-1.2562,0.0087861,-0.014248,-1.0063,-0.0024246,-8.27E-05,-4.25E-05,-8.90E-06,2.32E-05,6.34E-05
37.7,0.87565,0.10593,-0.0028739,-0.00046387,-0.00049127,-0.031896,32.369,-11.068,-1.2639,0.0087853,-0.014269,-1.0095,-0.0024156,-8.51E-05,-4.22E-05,-8.78E-06,2.31E-05,6.35E-05
37.8,0.87541,0.10592,-0.0028781,-0.00046473,-0.00048897,-0.03189,32.425,-11.137,-1.2716,0.0087844,-0.01429,-1.0126,-0.0024066,-8.74E-05,-4.19E-05,-8.67E-06,2.29E-05,6.37E-05
37.9,0.87517,0.10591,-0.0028822,-0.00046559,-0.00048669,-0.031883,32.48,-11.205,-1.2794,0.0087835,-0.014311,-1.0158,-0.0023976,-8.96E-05,-4.15E-05,-8.55E-06,2.28E-05,6.38E-05
38,0.87493,0.1059,-0.0028863,-0.00046643,-0.00048443,-0.031877,32.535,-11.274,-1.2871,0.0087826,-0.014332,-1.019,-0.0023887,-9.19E-05,-4.12E-05,-8.44E-06,2.27E-05,6.40E-05
38.1,0.87469,0.10589,-0.0028904,-0.00046727,-0.00048217,-0.03187,32.59,-11.343,-1.2949,0.0087817,-0.014352,-1.0222,-0.0023798,-9.41E-05,-4.09E-05,-8.33E-06,2.25E-05,6.41E-05
38.2,0.87445,0.10588,-0.0028945,-0.00046809,-0.00047994,-0.031864,32.645,-11.412,-1.3027,0.0087807,-0.014373,-1.0254,-0.0023709,-9.63E-05,-4.06E-05,-8.22E-06,2.24E-05,6.42E-05
38.3,0.87422,0.10587,-0.0028985,-0.0004689,-0.00047771,-0.031858,32.699,-11.481,-1.3104,0.0087797,-0.014393,-1.0286,-0.002362,-9.84E-05,-4.03E-05,-8.11E-06,2.23E-05,6.43E-05
38.4,0.87398,0.10586,-0.0029025,-0.0004697,-0.0004755,-0.031851,32.753,-11.551,-1.3183,0.0087787,-0.014412,-1.0318,-0.0023532,-0.00010048,-4.00E-05,-8.00E-06,2.21E-05,6.45E-05
38.5,0.87375,0.10585,-0.0029065,-0.00047049,-0.0004733,-0.031845,32.807,-11.62,-1.3261,0.0087776,-0.014432,-1.035,-0.0023444,-0.00010254,-3.97E-05,-7.89E-06,2.20E-05,6.46E-05
38.6,0.87352,0.10584,-0.0029104,-0.00047127,-0.00047112,-0.031838,32.861,-11.69,-1.3339,0.0087765,-0.014451,-1.0381,-0.0023356,-0.00010456,-3.93E-05,-7.79E-06,2.18E-05,6.47E-05
38.7,0.87328,0.10583,-0.0029143,-0.00047203,-0.00046895,-0.031832,32.914,-11.76,-1.3418,0.0087754,-0.014471,-1.0413,-0.0023268,-0.00010655,-3.90E-05,-7.68E-06,2.17E-05,6.48E-05
38.8,0.87305,0.10582,-0.0029182,-0.00047279,-0.00046679,-0.031825,32.968,-11.83,-1.3497,0.0087743,-0.01449,-1.0445,-0.0023181,-0.00010851,-3.87E-05,-7.58E-06,2.16E-05,6.49E-05
38.9,0.87282,0.10581,-0.002922,-0.00047354,-0.00046464,-0.031819,33.021,-11.9,-1.3575,0.0087731,-0.014508,-1.0477,-0.0023094,-0.00011043,-3.84E-05,-7.47E-06,2.14E-05,6.50E-05
39,0.87259,0.1058,-0.0029258,-0.00047428,-0.00046251,-0.031812,33.073,-11.97,-1.3654,0.0087719,-0.014527,-1.0509,-0.0023007,-0.00011233,-3.81E-05,-7.37E-06,2.13E-05,6.51E-05
39.1,0.87236,0.10579,-0.0029296,-0.000475,-0.0004604,-0.031806,33.126,-12.041,-1.3734,0.0087707,-0.014545,-1.0541,-0.002292,-0.00011419,-3.78E-05,-7.27E-06,2.12E-05,6.52E-05
39.2,0.87213,0.10578,-0.0029334,-0.00047572,-0.00045829,-0.031799,33.178,-12.112,-1.3813,0.0087695,-0.014563,-1.0572,-0.0022834,-0.00011601,-3.75E-05,-7.17E-06,2.10E-05,6.52E-05
39.3,0.8719,0.10576,-0.0029371,-0.00047643,-0.0004562,-0.031793,33.23,-12.182,-1.3892,0.0087682,-0.014581,-1.0604,-0.0022748,-0.00011781,-3.72E-05,-7.07E-06,2.09E-05,6.53E-05
39.4,0.87168,0.10575,-0.0029408,-0.00047712,-0.00045413,-0.031786,33.282,-12.253,-1.3972,0.008767,-0.014599,-1.0636,-0.0022662,-0.00011957,-3.69E-05,-6.97E-06,2.08E-05,6.54E-05
39.5,0.87145,0.10574,-0.0029445,-0.00047781,-0.00045206,-0.03178,33.334,-12.324,-1.4052,0.0087657,-0.014617,-1.0668,-0.0022576,-0.00012131,-3.66E-05,-6.87E-06,2.06E-05,6.55E-05
39.6,0.87123,0.10573,-0.0029481,-0.00047849,-0.00045001,-0.031773,33.385,-12.395,-1.4132,0.0087643,-0.014634,-1.07,-0.0022491,-0.00012301,-3.63E-05,-6.77E-06,2.05E-05,6.55E-05
39.7,0.871,0.10571,-0.0029517,-0.00047916,-0.00044798,-0.031766,33.436,-12.467,-1.4212,0.008763,-0.014651,-1.0731,-0.0022406,-0.00012468,-3.60E-05,-6.67E-06,2.04E-05,6.56E-05
39.8,0.87078,0.1057,-0.0029553,-0.00047981,-0.00044595,-0.03176,33.487,-12.538,-1.4292,0.0087616,-0.014668,-1.0763,-0.0022321,-0.00012633,-3.57E-05,-6.58E-06,2.02E-05,6.57E-05
39.9,0.87056,0.10569,-0.0029588,-0.00048046,-0.00044394,-0.031753,33.538,-12.61,-1.4372,0.0087602,-0.014685,-1.0795,-0.0022237,-0.00012794,-3.54E-05,-6.48E-06,2.01E-05,6.57E-05
40,0.87034,0.10568,-0.0029623,-0.0004811,-0.00044195,-0.031747,33.588,-12.682,-1.4452,0.0087588,-0.014701,-1.0827,-0.0022152,-0.00012953,-3.51E-05,-6.39E-06,2.00E-05,6.58E-05
40.1,0.87012,0.10566,-0.0029658,-0.00048173,-0.00043996,-0.03174,33.638,-12.754,-1.4533,0.0087574,-0.014718,-1.0858,-0.0022068,-0.00013109,-3.48E-05,-6.30E-06,1.98E-05,6.58E-05
40.2,0.8699,0.10565,-0.0029692,-0.00048235,-0.00043799,-0.031734,33.688,-12.826,-1.4614,0.0087559,-0.014734,-1.089,-0.0021984,-0.00013262,-3.46E-05,-6.20E-06,1.97E-05,6.59E-05
40.3,0.86968,0.10564,-0.0029727,-0.00048296,-0.00043604,-0.031727,33.738,-12.898,-1.4695,0.0087545,-0.01475,-1.0922,-0.0021901,-0.00013412,-3.43E-05,-6.11E-06,1.96E-05,6.59E-05
40.4,0.86946,0.10562,-0.0029761,-0.00048356,-0.00043409,-0.03172,33.787,-12.97,-1.4775,0.008753,-0.014766,-1.0954,-0.0021818,-0.00013559,-3.40E-05,-6.02E-06,1.94E-05,6.59E-05
40.5,0.86924,0.10561,-0.0029794,-0.00048416,-0.00043216,-0.031714,33.836,-13.043,-1.4857,0.0087515,-0.014781,-1.0985,-0.0021735,-0.00013704,-3.37E-05,-5.93E-06,1.93E-05,6.60E-05
40.6,0.86902,0.1056,-0.0029828,-0.00048474,-0.00043024,-0.031707,33.885,-13.115,-1.4938,0.0087499,-0.014797,-1.1017,-0.0021652,-0.00013846,-3.34E-05,-5.84E-06,1.92E-05,6.60E-05
40.7,0.86881,0.10558,-0.0029861,-0.00048532,-0.00042834,-0.031701,33.934,-13.188,-1.5019,0.0087484,-0.014812,-1.1049,-0.0021569,-0.00013985,-3.31E-05,-5.75E-06,1.90E-05,6.60E-05
40.8,0.86859,0.10557,-0.0029894,-0.00048588,-0.00042645,-0.031694,33.982,-13.261,-1.5101,0.0087468,-0.014827,-1.1081,-0.0021487,-0.00014122,-3.28E-05,-5.66E-06,1.89E-05,6.61E-05
40.9,0.86838,0.10555,-0.0029926,-0.00048644,-0.00042457,-0.031687,34.031,-13.334,-1.5182,0.0087452,-0.014842,-1.1112,-0.0021405,-0.00014256,-3.26E-05,-5.58E-06,1.88E-05,6.61E-05
41,0.86817,0.10554,-0.0029959,-0.00048699,-0.0004227,-0.031681,34.079,-13.407,-1.5264,0.0087436,-0.014857,-1.1144,-0.0021323,-0.00014387,-3.23E-05,-5.49E-06,1.87E-05,6.61E-05
41.1,0.86795,0.10552,-0.0029991,-0.00048753,-0.00042085,-0.031674,34.126,-13.48,-1.5346,0.008742,-0.014872,-1.1176,-0.0021242,-0.00014516,-3.20E-05,-5.41E-06,1.85E-05,6.61E-05
41.2,0.86774,0.10551,-0.0030022,-0.00048806,-0.00041901,-0.031668,34.174,-13.554,-1.5428,0.0087404,-0.014886,-1.1207,-0.0021161,-0.00014643,-3.17E-05,-5.32E-06,1.84E-05,6.61E-05
41.3,0.86753,0.10549,-0.0030054,-0.00048858,-0.00041718,-0.031661,34.221,-13.627,-1.551,0.0087387,-0.0149,-1.1239,-0.002108,-0.00014767,-3.14E-05,-5.24E-06,1.83E-05,6.61E-05
41.4,0.86732,0.10548,-0.0030085,-0.0004891,-0.00041537,-0.031654,34.268,-13.701,-1.5592,0.008737,-0.014914,-1.1271,-0.0020999,-0.00014889,-3.12E-05,-5.15E-06,1.82E-05,6.61E-05
41.5,0.86711,0.10546,-0.0030116,-0.00048961,-0.00041356,-0.031648,34.315,-13.775,-1.5674,0.0087353,-0.014928,-1.1302,-0.0020919,-0.00015008,-3.09E-05,-5.07E-06,1.80E-05,6.61E-05
41.6,0.8669,0.10545,-0.0030146,-0.00049011,-0.00041177,-0.031641,34.361,-13.848,-1.5757,0.0087336,-0.014942,-1.1334,-0.0020838,-0.00015125,-3.06E-05,-4.99E-06,1.79E-05,6.61E-05
41.7,0.8667,0.10543,-0.0030177,-0.0004906,-0.00041,-0.031634,34.408,-13.923,-1.5839,0.0087319,-0.014955,-1.1366,-0.0020759,-0.0001524,-3.04E-05,-4.91E-06,1.78E-05,6.61E-05
41.8,0.86649,0.10542,-0.0030207,-0.00049108,-0.00040823,-0.031628,34.454,-13.997,-1.5922,0.0087302,-0.014969,-1.1397,-0.0020679,-0.00015352,-3.01E-05,-4.83E-06,1.76E-05,6.61E-05
41.9,0.86628,0.1054,-0.0030237,-0.00049156,-0.00040648,-0.031621,34.499,-14.071,-1.6005,0.0087284,-0.014982,-1.1429,-0.0020599,-0.00015462,-2.98E-05,-4.75E-06,1.75E-05,6.61E-05
42,0.86608,0.10539,-0.0030266,-0.00049202,-0.00040474,-0.031615,34.545,-14.145,-1.6088,0.0087266,-0.014995,-1.146,-0.002052,-0.0001557,-2.96E-05,-4.67E-06,1.74E-05,6.61E-05
42.1,0.86587,0.10537,-0.0030296,-0.00049248,-0.00040301,-0.031608,34.59,-14.22,-1.6171,0.0087248,-0.015008,-1.1492,-0.0020441,-0.00015676,-2.93E-05,-4.59E-06,1.73E-05,6.61E-05
42.2,0.86567,0.10536,-0.0030325,-0.00049293,-0.0004013,-0.031601,34.635,-14.295,-1.6254,0.008723,-0.015021,-1.1524,-0.0020363,-0.00015779,-2.90E-05,-4.52E-06,1.72E-05,6.61E-05
42.3,0.86547,0.10534,-0.0030353,-0.00049338,-0.00039959,-0.031595,34.68,-14.369,-1.6337,0.0087212,-0.015033,-1.1555,-0.0020284,-0.00015881,-2.88E-05,-4.44E-06,1.70E-05,6.61E-05
42.4,0.86527,0.10532,-0.0030382,-0.00049381,-0.0003979,-0.031588,34.725,-14.444,-1.6421,0.0087194,-0.015046,-1.1587,-0.0020206,-0.0001598,-2.85E-05,-4.37E-06,1.69E-05,6.60E-05
42.5,0.86506,0.10531,-0.003041,-0.00049424,-0.00039623,-0.031582,34.769,-14.519,-1.6504,0.0087175,-0.015058,-1.1619,-0.0020128,-0.00016077,-2.82E-05,-4.29E-06,1.68E-05,6.60E-05
42.6,0.86486,0.10529,-0.0030438,-0.00049466,-0.00039456,-0.031575,34.813,-14.595,-1.6588,0.0087157,-0.01507,-1.165,-0.0020051,-0.00016172,-2.80E-05,-4.22E-06,1.67E-05,6.60E-05
42.7,0.86466,0.10528,-0.0030466,-0.00049508,-0.0003929,-0.031568,34.857,-14.67,-1.6672,0.0087138,-0.015082,-1.1682,-0.0019973,-0.00016265,-2.77E-05,-4.14E-06,1.65E-05,6.60E-05
42.8,0.86447,0.10526,-0.0030493,-0.00049549,-0.00039126,-0.031562,34.9,-14.745,-1.6755,0.0087119,-0.015094,-1.1713,-0.0019896,-0.00016356,-2.75E-05,-4.07E-06,1.64E-05,6.59E-05
42.9,0.86427,0.10524,-0.003052,-0.00049589,-0.00038963,-0.031555,34.944,-14.821,-1.6839,0.00871,-0.015105,-1.1745,-0.0019819,-0.00016445,-2.72E-05,-4.00E-06,1.63E-05,6.59E-05
43,0.86407,0.10523,-0.0030547,-0.00049628,-0.00038801,-0.031549,34.987,-14.897,-1.6923,0.0087081,-0.015117,-1.1776,-0.0019743,-0.00016531,-2.70E-05,-3.93E-06,1.62E-05,6.59E-05
43.1,0.86387,0.10521,-0.0030574,-0.00049666,-0.00038641,-0.031542,35.03,-14.972,-1.7008,0.0087062,-0.015128,-1.1808,-0.0019666,-0.00016616,-2.67E-05,-3.86E-06,1.61E-05,6.58E-05
43.2,0.86368,0.10519,-0.0030601,-0.00049704,-0.00038481,-0.031535,35.072,-15.048,-1.7092,0.0087042,-0.015139,-1.184,-0.001959,-0.000167,-2.65E-05,-3.79E-06,1.59E-05,6.58E-05
43.3,0.86348,0.10518,-0.0030627,-0.00049741,-0.00038323,-0.031529,35.115,-15.124,-1.7176,0.0087023,-0.01515,-1.1871,-0.0019514,-0.00016781,-2.62E-05,-3.72E-06,1.58E-05,6.58E-05
43.4,0.86329,0.10516,-0.0030653,-0.00049778,-0.00038166,-0.031522,35.157,-15.2,-1.7261,0.0087003,-0.015161,-1.1903,-0.0019439,-0.0001686,-2.60E-05,-3.65E-06,1.57E-05,6.57E-05
43.5,0.86309,0.10514,-0.0030678,-0.00049814,-0.0003801,-0.031516,35.198,-15.277,-1.7345,0.0086983,-0.015172,-1.1934,-0.0019363,-0.00016937,-2.57E-05,-3.58E-06,1.56E-05,6.57E-05
43.6,0.8629,0.10513,-0.0030704,-0.00049849,-0.00037855,-0.031509,35.24,-15.353,-1.743,0.0086963,-0.015182,-1.1966,-0.0019288,-0.00017013,-2.55E-05,-3.51E-06,1.55E-05,6.56E-05
43.7,0.86271,0.10511,-0.0030729,-0.00049883,-0.00037702,-0.031503,35.281,-15.429,-1.7515,0.0086943,-0.015193,-1.1997,-0.0019214,-0.00017087,-2.52E-05,-3.45E-06,1.54E-05,6.56E-05
43.8,0.86252,0.10509,-0.0030754,-0.00049917,-0.00037549,-0.031496,35.322,-15.506,-1.76,0.0086923,-0.015203,-1.2029,-0.0019139,-0.00017159,-2.50E-05,-3.38E-06,1.52E-05,6.55E-05
43.9,0.86233,0.10507,-0.0030779,-0.0004995,-0.00037398,-0.03149,35.363,-15.583,-1.7685,0.0086903,-0.015213,-1.206,-0.0019065,-0.00017229,-2.47E-05,-3.31E-06,1.51E-05,6.55E-05
44,0.86214,0.10506,-0.0030803,-0.00049983,-0.00037248,-0.031483,35.404,-15.659,-1.777,0.0086882,-0.015223,-1.2092,-0.0018991,-0.00017298,-2.45E-05,-3.25E-06,1.50E-05,6.54E-05
44.1,0.86195,0.10504,-0.0030828,-0.00050015,-0.00037099,-0.031476,35.444,-15.736,-1.7855,0.0086862,-0.015233,-1.2123,-0.0018917,-0.00017365,-2.43E-05,-3.19E-06,1.49E-05,6.53E-05
44.2,0.86176,0.10502,-0.0030852,-0.00050046,-0.00036951,-0.03147,35.484,-15.813,-1.794,0.0086841,-0.015243,-1.2155,-0.0018843,-0.0001743,-2.40E-05,-3.12E-06,1.48E-05,6.53E-05
44.3,0.86157,0.105,-0.0030876,-0.00050076,-0.00036804,-0.031463,35.524,-15.89,-1.8025,0.0086821,-0.015253,-1.2186,-0.001877,-0.00017494,-2.38E-05,-3.06E-06,1.47E-05,6.52E-05
44.4,0.86138,0.10499,-0.0030899,-0.00050106,-0.00036658,-0.031457,35.564,-15.968,-1.8111,0.00868,-0.015262,-1.2218,-0.0018697,-0.00017555,-2.36E-05,-3.00E-06,1.46E-05,6.52E-05
44.5,0.8612,0.10497,-0.0030922,-0.00050136,-0.00036514,-0.03145,35.603,-16.045,-1.8196,0.0086779,-0.015272,-1.2249,-0.0018624,-0.00017616,-2.33E-05,-2.94E-06,1.45E-05,6.51E-05
44.6,0.86101,0.10495,-0.0030946,-0.00050164,-0.0003637,-0.031444,35.642,-16.123,-1.8282,0.0086758,-0.015281,-1.228,-0.0018551,-0.00017674,-2.31E-05,-2.87E-06,1.43E-05,6.50E-05
44.7,0.86083,0.10493,-0.0030968,-0.00050193,-0.00036228,-0.031437,35.681,-16.2,-1.8368,0.0086737,-0.01529,-1.2312,-0.0018479,-0.00017731,-2.29E-05,-2.81E-06,1.42E-05,6.49E-05
44.8,0.86064,0.10492,-0.0030991,-0.0005022,-0.00036087,-0.031431,35.719,-16.278,-1.8453,0.0086716,-0.015299,-1.2343,-0.0018407,-0.00017787,-2.26E-05,-2.75E-06,1.41E-05,6.49E-05
44.9,0.86046,0.1049,-0.0031013,-0.00050247,-0.00035946,-0.031424,35.758,-16.355,-1.8539,0.0086694,-0.015308,-1.2375,-0.0018335,-0.00017841,-2.24E-05,-2.70E-06,1.40E-05,6.48E-05
45,0.86028,0.10488,-0.0031036,-0.00050273,-0.00035807,-0.031418,35.796,-16.433,-1.8625,0.0086673,-0.015316,-1.2406,-0.0018263,-0.00017893,-2.22E-05,-2.64E-06,1.39E-05,6.47E-05
45.1,0.8601,0.10486,-0.0031058,-0.00050299,-0.00035669,-0.031411,35.834,-16.511,-1.8711,0.0086651,-0.015325,-1.2438,-0.0018192,-0.00017944,-2.20E-05,-2.58E-06,1.38E-05,6.47E-05
45.2,0.85992,0.10484,-0.0031079,-0.00050324,-0.00035532,-0.031405,35.871,-16.589,-1.8797,0.008663,-0.015333,-1.2469,-0.0018121,-0.00017994,-2.17E-05,-2.52E-06,1.37E-05,6.46E-05
45.3,0.85973,0.10483,-0.0031101,-0.00050349,-0.00035397,-0.031399,35.908,-16.668,-1.8884,0.0086608,-0.015342,-1.25,-0.001805,-0.00018042,-2.15E-05,-2.46E-06,1.36E-05,6.45E-05
45.4,0.85955,0.10481,-0.0031122,-0.00050373,-0.00035262,-0.031392,35.946,-16.746,-1.897,0.0086587,-0.01535,-1.2532,-0.0017979,-0.00018089,-2.13E-05,-2.41E-06,1.35E-05,6.44E-05
45.5,0.85938,0.10479,-0.0031143,-0.00050397,-0.00035128,-0.031386,35.982,-16.824,-1.9056,0.0086565,-0.015358,-1.2563,-0.0017909,-0.00018134,-2.11E-05,-2.35E-06,1.34E-05,6.43E-05
45.6,0.8592,0.10477,-0.0031164,-0.0005042,-0.00034995,-0.031379,36.019,-16.903,-1.9143,0.0086543,-0.015366,-1.2595,-0.0017839,-0.00018178,-2.09E-05,-2.30E-06,1.33E-05,6.42E-05
45.7,0.85902,0.10475,-0.0031185,-0.00050442,-0.00034864,-0.031373,36.055,-16.981,-1.9229,0.0086521,-0.015374,-1.2626,-0.0017769,-0.0001822,-2.07E-05,-2.24E-06,1.32E-05,6.42E-05
45.8,0.85884,0.10474,-0.0031205,-0.00050464,-0.00034733,-0.031366,36.091,-17.06,-1.9316,0.0086499,-0.015381,-1.2657,-0.0017699,-0.00018261,-2.04E-05,-2.19E-06,1.31E-05,6.41E-05
45.9,0.85867,0.10472,-0.0031225,-0.00050485,-0.00034603,-0.03136,36.127,-17.139,-1.9403,0.0086477,-0.015389,-1.2689,-0.001763,-0.00018301,-2.02E-05,-2.14E-06,1.30E-05,6.40E-05
46,0.85849,0.1047,-0.0031246,-0.00050506,-0.00034475,-0.031354,36.162,-17.218,-1.949,0.0086455,-0.015397,-1.272,-0.0017561,-0.00018339,-2.00E-05,-2.08E-06,1.29E-05,6.39E-05
46.1,0.85832,0.10468,-0.0031265,-0.00050526,-0.00034347,-0.031347,36.198,-17.296,-1.9576,0.0086432,-0.015404,-1.2752,-0.0017492,-0.00018376,-1.98E-05,-2.03E-06,1.28E-05,6.38E-05
46.2,0.85814,0.10466,-0.0031285,-0.00050546,-0.00034221,-0.031341,36.233,-17.376,-1.9663,0.008641,-0.015411,-1.2783,-0.0017423,-0.00018412,-1.96E-05,-1.98E-06,1.27E-05,6.37E-05
46.3,0.85797,0.10464,-0.0031304,-0.00050566,-0.00034095,-0.031335,36.268,-17.455,-1.975,0.0086388,-0.015418,-1.2814,-0.0017355,-0.00018446,-1.94E-05,-1.93E-06,1.26E-05,6.36E-05
46.4,0.8578,0.10463,-0.0031323,-0.00050584,-0.00033971,-0.031328,36.302,-17.534,-1.9837,0.0086365,-0.015425,-1.2846,-0.0017287,-0.0001848,-1.92E-05,-1.88E-06,1.25E-05,6.35E-05
46.5,0.85762,0.10461,-0.0031342,-0.00050603,-0.00033847,-0.031322,36.336,-17.613,-1.9925,0.0086343,-0.015432,-1.2877,-0.0017219,-0.00018512,-1.90E-05,-1.83E-06,1.24E-05,6.34E-05
46.6,0.85745,0.10459,-0.0031361,-0.0005062,-0.00033725,-0.031316,36.37,-17.693,-2.0012,0.008632,-0.015439,-1.2908,-0.0017151,-0.00018542,-1.88E-05,-1.78E-06,1.23E-05,6.33E-05
46.7,0.85728,0.10457,-0.003138,-0.00050638,-0.00033603,-0.031309,36.404,-17.772,-2.0099,0.0086297,-0.015446,-1.294,-0.0017084,-0.00018572,-1.86E-05,-1.73E-06,1.22E-05,6.32E-05
46.8,0.85711,0.10455,-0.0031398,-0.00050654,-0.00033482,-0.031303,36.438,-17.852,-2.0186,0.0086275,-0.015452,-1.2971,-0.0017016,-0.000186,-1.84E-05,-1.68E-06,1.21E-05,6.31E-05
46.9,0.85694,0.10453,-0.0031416,-0.00050671,-0.00033363,-0.031297,36.471,-17.931,-2.0274,0.0086252,-0.015459,-1.3002,-0.0016949,-0.00018628,-1.82E-05,-1.63E-06,1.20E-05,6.30E-05
47,0.85677,0.10451,-0.0031434,-0.00050687,-0.00033244,-0.03129,36.504,-18.011,-2.0361,0.0086229,-0.015465,-1.3033,-0.0016883,-0.00018654,-1.80E-05,-1.58E-06,1.19E-05,6.29E-05
47.1,0.8566,0.1045,-0.0031452,-0.00050702,-0.00033126,-0.031284,36.536,-18.091,-2.0449,0.0086206,-0.015471,-1.3065,-0.0016816,-0.00018679,-1.78E-05,-1.54E-06,1.18E-05,6.28E-05
47.2,0.85644,0.10448,-0.003147,-0.00050717,-0.0003301,-0.031278,36.569,-18.171,-2.0537,0.0086183,-0.015478,-1.3096,-0.001675,-0.00018702,-1.76E-05,-1.49E-06,1.17E-05,6.27E-05
47.3,0.85627,0.10446,-0.0031487,-0.00050731,-0.00032894,-0.031271,36.601,-18.251,-2.0624,0.008616,-0.015484,-1.3127,-0.0016684,-0.00018725,-1.74E-05,-1.44E-06,1.16E-05,6.26E-05
47.4,0.8561,0.10444,-0.0031504,-0.00050745,-0.00032779,-0.031265,36.633,-18.331,-2.0712,0.0086137,-0.01549,-1.3159,-0.0016618,-0.00018747,-1.72E-05,-1.40E-06,1.15E-05,6.25E-05
47.5,0.85594,0.10442,-0.0031521,-0.00050759,-0.00032665,-0.031259,36.665,-18.411,-2.08,0.0086114,-0.015495,-1.319,-0.0016552,-0.00018767,-1.70E-05,-1.35E-06,1.14E-05,6.24E-05
47.6,0.85577,0.1044,-0.0031538,-0.00050772,-0.00032552,-0.031253,36.696,-18.492,-2.0888,0.0086091,-0.015501,-1.3221,-0.0016487,-0.00018787,-1.68E-05,-1.31E-06,1.13E-05,6.23E-05
47.7,0.85561,0.10438,-0.0031555,-0.00050784,-0.0003244,-0.031247,36.727,-18.572,-2.0976,0.0086068,-0.015507,-1.3252,-0.0016422,-0.00018805,-1.66E-05,-1.26E-06,1.12E-05,6.22E-05
47.8,0.85545,0.10436,-0.0031571,-0.00050797,-0.00032329,-0.03124,36.758,-18.652,-2.1064,0.0086044,-0.015512,-1.3284,-0.0016357,-0.00018822,-1.64E-05,-1.22E-06,1.11E-05,6.20E-05
47.9,0.85528,0.10435,-0.0031587,-0.00050808,-0.00032219,-0.031234,36.789,-18.733,-2.1152,0.0086021,-0.015518,-1.3315,-0.0016292,-0.00018839,-1.62E-05,-1.18E-06,1.10E-05,6.19E-05
48,0.85512,0.10433,-0.0031603,-0.0005082,-0.0003211,-0.031228,36.819,-18.814,-2.124,0.0085998,-0.015523,-1.3346,-0.0016228,-0.00018854,-1.61E-05,-1.14E-06,1.09E-05,6.18E-05
48.1,0.85496,0.10431,-0.0031619,-0.00050831,-0.00032001,-0.031222,36.85,-18.894,-2.1328,0.0085974,-0.015528,-1.3377,-0.0016164,-0.00018868,-1.59E-05,-1.09E-06,1.08E-05,6.17E-05
48.2,0.8548,0.10429,-0.0031635,-0.00050841,-0.00031894,-0.031216,36.879,-18.975,-2.1416,0.0085951,-0.015534,-1.3409,-0.00161,-0.00018881,-1.57E-05,-1.05E-06,1.07E-05,6.16E-05
48.3,0.85464,0.10427,-0.0031651,-0.00050851,-0.00031787,-0.03121,36.909,-19.056,-2.1504,0.0085928,-0.015539,-1.344,-0.0016036,-0.00018894,-1.55E-05,-1.01E-06,1.07E-05,6.15E-05
48.4,0.85448,0.10425,-0.0031666,-0.00050861,-0.00031682,-0.031203,36.938,-19.137,-2.1593,0.0085904,-0.015544,-1.3471,-0.0015973,-0.00018905,-1.53E-05,-9.69E-07,1.06E-05,6.14E-05
48.5,0.85432,0.10423,-0.0031681,-0.0005087,-0.00031577,-0.031197,36.968,-19.218,-2.1681,0.0085881,-0.015548,-1.3502,-0.0015909,-0.00018916,-1.52E-05,-9.28E-07,1.05E-05,6.12E-05
48.6,0.85416,0.10421,-0.0031696,-0.00050879,-0.00031473,-0.031191,36.996,-19.299,-2.177,0.0085857,-0.015553,-1.3533,-0.0015846,-0.00018925,-1.50E-05,-8.89E-07,1.04E-05,6.11E-05
48.7,0.854,0.10419,-0.0031711,-0.00050888,-0.0003137,-0.031185,37.025,-19.38,-2.1858,0.0085833,-0.015558,-1.3565,-0.0015784,-0.00018934,-1.48E-05,-8.49E-07,1.03E-05,6.10E-05
48.8,0.85384,0.10417,-0.0031725,-0.00050896,-0.00031268,-0.031179,37.053,-19.461,-2.1947,0.008581,-0.015563,-1.3596,-0.0015721,-0.00018942,-1.46E-05,-8.10E-07,1.02E-05,6.09E-05
48.9,0.85369,0.10416,-0.003174,-0.00050904,-0.00031167,-0.031173,37.081,-19.542,-2.2035,0.0085786,-0.015567,-1.3627,-0.0015659,-0.00018948,-1.45E-05,-7.71E-07,1.01E-05,6.08E-05
49,0.85353,0.10414,-0.0031754,-0.00050911,-0.00031066,-0.031167,37.109,-19.624,-2.2124,0.0085762,-0.015571,-1.3658,-0.0015597,-0.00018954,-1.43E-05,-7.33E-07,1.00E-05,6.06E-05
49.1,0.85338,0.10412,-0.0031768,-0.00050918,-0.00030966,-0.031161,37.137,-19.705,-2.2213,0.0085739,-0.015576,-1.3689,-0.0015535,-0.00018959,-1.41E-05,-6.95E-07,9.96E-06,6.05E-05
49.2,0.85322,0.1041,-0.0031782,-0.00050924,-0.00030868,-0.031155,37.164,-19.787,-2.2301,0.0085715,-0.01558,-1.3721,-0.0015473,-0.00018964,-1.39E-05,-6.58E-07,9.88E-06,6.04E-05
49.3,0.85307,0.10408,-0.0031796,-0.00050931,-0.0003077,-0.031149,37.191,-19.868,-2.239,0.0085691,-0.015584,-1.3752,-0.0015412,-0.00018967,-1.38E-05,-6.21E-07,9.79E-06,6.03E-05
49.4,0.85291,0.10406,-0.003181,-0.00050936,-0.00030673,-0.031143,37.218,-19.95,-2.2479,0.0085667,-0.015588,-1.3783,-0.0015351,-0.0001897,-1.36E-05,-5.85E-07,9.71E-06,6.01E-05
49.5,0.85276,0.10404,-0.0031823,-0.00050942,-0.00030576,-0.031137,37.245,-20.032,-2.2568,0.0085643,-0.015592,-1.3814,-0.001529,-0.00018971,-1.34E-05,-5.49E-07,9.63E-06,6.00E-05
49.6,0.85261,0.10402,-0.0031836,-0.00050947,-0.00030481,-0.031131,37.271,-20.114,-2.2657,0.008562,-0.015596,-1.3845,-0.0015229,-0.00018972,-1.33E-05,-5.13E-07,9.55E-06,5.99E-05
49.7,0.85246,0.104,-0.0031849,-0.00050952,-0.00030386,-0.031125,37.297,-20.195,-2.2746,0.0085596,-0.0156,-1.3876,-0.0015168,-0.00018973,-1.31E-05,-4.78E-07,9.46E-06,5.98E-05
49.8,0.85231,0.10399,-0.0031862,-0.00050956,-0.00030292,-0.031119,37.323,-20.277,-2.2835,0.0085572,-0.015604,-1.3907,-0.0015108,-0.00018972,-1.29E-05,-4.43E-07,9.38E-06,5.96E-05
49.9,0.85216,0.10397,-0.0031875,-0.0005096,-0.00030199,-0.031113,37.348,-20.359,-2.2924,0.0085548,-0.015607,-1.3939,-0.0015048,-0.00018971,-1.28E-05,-4.08E-07,9.30E-06,5.95E-05
50,0.85201,0.10395,-0.0031888,-0.00050964,-0.00030107,-0.031107,37.373,-20.441,-2.3013,0.0085524,-0.015611,-1.397,-0.0014988,-0.00018968,-1.26E-05,-3.74E-07,9.22E-06,5.94E-05
