,,
34.744,-42.647,0.66424
34.744,-42.647,0.67819
34.745,-42.646,0.69209
34.747,-42.644,0.70585
34.75,-42.642,0.71942
34.753,-42.64,0.73273
34.757,-42.637,0.74571
34.762,-42.633,0.7583
34.768,-42.63,0.77044
34.774,-42.625,0.78208
34.781,-42.62,0.79314
34.789,-42.615,0.80358
34.797,-42.609,0.81336
34.806,-42.603,0.82241
34.815,-42.597,0.8307
34.825,-42.59,0.83819
34.835,-42.584,0.84483
34.846,-42.576,0.85061
34.856,-42.569,0.85548
34.868,-42.562,0.85943
34.879,-42.554,0.86244
34.89,-42.546,0.86448
34.902,-42.539,0.86557
34.914,-42.531,0.86567
34.925,-42.523,0.8648
34.937,-42.516,0.86297
34.948,-42.508,0.86017
34.959,-42.501,0.85642
34.97,-42.493,0.85175
34.981,-42.486,0.84617
34.991,-42.48,0.83972
35.001,-42.473,0.83241
35.011,-42.467,0.82429
35.02,-42.461,0.8154
35.028,-42.456,0.80578
35.036,-42.45,0.79548
35.044,-42.446,0.78455
35.05,-42.442,0.77303
35.056,-42.438,0.761
35.062,-42.434,0.7485
35.066,-42.432,0.7356
35.07,-42.429,0.72235
35.073,-42.428,0.70884
35.075,-42.426,0.69511
35.076,-42.426,0.68124
35.077,-42.426,0.66729
35.077,-42.426,0.65334
35.076,-42.427,0.63945
35.074,-42.428,0.62568
35.071,-42.43,0.61211
35.068,-42.433,0.59881
35.064,-42.436,0.58583
35.059,-42.439,0.57323
35.053,-42.443,0.5611
35.047,-42.448,0.54946
35.04,-42.452,0.53839
35.032,-42.458,0.52795
35.024,-42.463,0.51818
35.015,-42.469,0.50913
35.006,-42.476,0.50083
34.996,-42.482,0.49334
34.986,-42.489,0.4867
34.976,-42.496,0.48092
34.965,-42.504,0.47605
34.954,-42.511,0.4721
34.942,-42.519,0.4691
34.931,-42.526,0.46705
34.919,-42.534,0.46597
34.908,-42.542,0.46586
34.896,-42.549,0.46673
34.885,-42.557,0.46857
34.873,-42.565,0.47136
34.862,-42.572,0.47511
34.851,-42.579,0.47978
34.84,-42.586,0.48536
34.83,-42.593,0.49182
34.82,-42.6,0.49913
34.81,-42.606,0.50725
34.801,-42.612,0.51613
34.793,-42.617,0.52576
34.785,-42.622,0.53605
34.778,-42.627,0.54699
34.771,-42.631,0.55851
34.765,-42.635,0.57054
34.76,-42.638,0.58304
34.755,-42.641,0.59594
34.751,-42.643,0.60918
34.748,-42.645,0.6227
34.746,-42.646,0.63642
34.745,-42.647,0.65029
34.744,-42.647,0.66424
34.633,-42.481,0.66135
34.634,-42.48,0.6753
34.635,-42.479,0.6892
34.636,-42.478,0.70296
34.639,-42.476,0.71653
34.642,-42.473,0.72984
34.647,-42.47,0.74282
34.651,-42.467,0.75541
34.657,-42.463,0.76755
34.663,-42.459,0.77919
34.67,-42.454,0.79025
34.678,-42.449,0.80069
34.686,-42.443,0.81047
34.695,-42.437,0.81952
34.704,-42.431,0.82781
34.714,-42.424,0.8353
34.724,-42.417,0.84194
34.735,-42.41,0.84772
34.746,-42.403,0.85259
34.757,-42.395,0.85654
34.768,-42.388,0.85955
34.78,-42.38,0.86159
34.791,-42.372,0.86268
34.803,-42.364,0.86278
34.814,-42.357,0.86191
34.826,-42.349,0.86008
34.837,-42.342,0.85728
34.849,-42.334,0.85353
34.859,-42.327,0.84886
34.87,-42.32,0.84328
34.881,-42.313,0.83683
34.891,-42.307,0.82952
34.9,-42.3,0.8214
34.909,-42.295,0.81251
34.918,-42.289,0.80289
34.925,-42.284,0.79259
34.933,-42.279,0.78166
34.939,-42.275,0.77014
34.945,-42.271,0.75811
34.951,-42.268,0.74561
34.955,-42.265,0.73271
34.959,-42.263,0.71947
34.962,-42.261,0.70595
34.964,-42.26,0.69222
34.966,-42.259,0.67835
34.966,-42.259,0.6644
34.966,-42.259,0.65045
34.965,-42.26,0.63656
34.963,-42.262,0.62279
34.961,-42.264,0.60923
34.957,-42.266,0.59592
34.953,-42.269,0.58294
34.948,-42.273,0.57034
34.942,-42.277,0.55821
34.936,-42.281,0.54657
34.929,-42.286,0.5355
34.922,-42.291,0.52506
34.913,-42.297,0.51529
34.905,-42.303,0.50624
34.895,-42.309,0.49794
34.886,-42.316,0.49045
34.875,-42.323,0.48381
34.865,-42.33,0.47803
34.854,-42.337,0.47316
34.843,-42.345,0.46921
34.832,-42.352,0.46621
34.82,-42.36,0.46416
34.808,-42.368,0.46308
34.797,-42.375,0.46297
34.785,-42.383,0.46384
34.774,-42.391,0.46568
34.762,-42.398,0.46847
34.751,-42.406,0.47222
34.74,-42.413,0.47689
34.729,-42.42,0.48247
34.719,-42.427,0.48893
34.709,-42.433,0.49624
34.7,-42.439,0.50436
34.691,-42.445,0.51325
34.682,-42.451,0.52287
34.674,-42.456,0.53317
34.667,-42.46,0.5441
34.66,-42.465,0.55562
34.654,-42.468,0.56765
34.649,-42.472,0.58015
34.644,-42.475,0.59305
34.641,-42.477,0.60629
34.638,-42.479,0.61981
34.635,-42.48,0.63353
34.634,-42.481,0.64741
34.633,-42.481,0.66135
34.523,-42.314,0.65846
34.523,-42.314,0.67241
34.524,-42.313,0.68631
34.526,-42.311,0.70007
34.528,-42.31,0.71364
34.532,-42.307,0.72695
34.536,-42.304,0.73993
34.541,-42.301,0.75252
34.546,-42.297,0.76466
34.553,-42.292,0.7763
34.56,-42.287,0.78736
34.567,-42.282,0.7978
34.575,-42.276,0.80758
34.584,-42.27,0.81663
34.594,-42.264,0.82492
34.603,-42.257,0.83241
34.613,-42.251,0.83906
34.624,-42.243,0.84483
34.635,-42.236,0.8497
34.646,-42.229,0.85365
34.657,-42.221,0.85666
34.669,-42.213,0.8587
34.68,-42.206,0.85979
34.692,-42.198,0.8599
34.704,-42.19,0.85902
34.715,-42.183,0.85719
34.726,-42.175,0.85439
34.738,-42.168,0.85065
34.749,-42.16,0.84598
34.759,-42.153,0.84039
34.77,-42.147,0.83394
34.78,-42.14,0.82663
34.789,-42.134,0.81851
34.798,-42.128,0.80962
34.807,-42.123,0.8
34.815,-42.117,0.7897
34.822,-42.113,0.77877
34.829,-42.109,0.76725
34.835,-42.105,0.75522
34.84,-42.102,0.74272
34.844,-42.099,0.72982
34.848,-42.096,0.71658
34.851,-42.095,0.70306
34.853,-42.093,0.68933
34.855,-42.093,0.67546
34.855,-42.093,0.66152
34.855,-42.093,0.64756
34.854,-42.094,0.63367
34.852,-42.095,0.61991
34.85,-42.097,0.60634
34.846,-42.1,0.59303
34.842,-42.103,0.58005
34.837,-42.106,0.56746
34.832,-42.11,0.55532
34.825,-42.115,0.54368
34.818,-42.119,0.53262
34.811,-42.125,0.52218
34.803,-42.13,0.5124
34.794,-42.136,0.50335
34.784,-42.143,0.49505
34.775,-42.149,0.48757
34.765,-42.156,0.48092
34.754,-42.163,0.47515
34.743,-42.171,0.47028
34.732,-42.178,0.46632
34.721,-42.186,0.46332
34.709,-42.193,0.46127
34.698,-42.201,0.46019
34.686,-42.209,0.46008
34.674,-42.217,0.46096
34.663,-42.224,0.46279
34.652,-42.232,0.46559
34.64,-42.239,0.46933
34.629,-42.246,0.474
34.619,-42.253,0.47958
34.608,-42.26,0.48604
34.598,-42.267,0.49335
34.589,-42.273,0.50147
34.58,-42.279,0.51036
34.571,-42.284,0.51998
34.563,-42.289,0.53028
34.556,-42.294,0.54121
34.549,-42.298,0.55273
34.543,-42.302,0.56476
34.538,-42.305,0.57726
34.534,-42.308,0.59016
34.53,-42.31,0.6034
34.527,-42.312,0.61692
34.525,-42.313,0.63065
34.523,-42.314,0.64452
34.523,-42.314,0.65846
34.412,-42.148,0.65557
34.412,-42.147,0.66953
34.413,-42.146,0.68342
34.415,-42.145,0.69718
34.417,-42.143,0.71075
34.421,-42.141,0.72406
34.425,-42.138,0.73704
34.43,-42.134,0.74963
34.435,-42.13,0.76177
34.442,-42.126,0.77341
34.449,-42.121,0.78447
34.456,-42.116,0.79491
34.465,-42.11,0.80469
34.473,-42.104,0.81374
34.483,-42.098,0.82203
34.492,-42.091,0.82952
34.503,-42.084,0.83617
34.513,-42.077,0.84194
34.524,-42.07,0.84681
34.535,-42.062,0.85076
34.546,-42.055,0.85377
34.558,-42.047,0.85581
34.57,-42.039,0.8569
34.581,-42.031,0.85701
34.593,-42.024,0.85613
34.604,-42.016,0.8543
34.616,-42.009,0.8515
34.627,-42.001,0.84776
34.638,-41.994,0.84309
34.649,-41.987,0.8375
34.659,-41.98,0.83105
34.669,-41.974,0.82374
34.678,-41.967,0.81562
34.687,-41.962,0.80673
34.696,-41.956,0.79711
34.704,-41.951,0.78681
34.711,-41.946,0.77588
34.718,-41.942,0.76436
34.724,-41.938,0.75233
34.729,-41.935,0.73983
34.734,-41.932,0.72693
34.737,-41.93,0.71369
34.74,-41.928,0.70017
34.743,-41.927,0.68644
34.744,-41.926,0.67257
34.745,-41.926,0.65863
34.744,-41.926,0.64467
34.743,-41.927,0.63078
34.742,-41.929,0.61702
34.739,-41.931,0.60345
34.736,-41.933,0.59014
34.731,-41.936,0.57716
34.727,-41.94,0.56457
34.721,-41.944,0.55243
34.715,-41.948,0.54079
34.708,-41.953,0.52973
34.7,-41.958,0.51929
34.692,-41.964,0.50951
34.683,-41.97,0.50046
34.674,-41.976,0.49217
34.664,-41.983,0.48468
34.654,-41.99,0.47803
34.643,-41.997,0.47226
34.632,-42.004,0.46739
34.621,-42.012,0.46343
34.61,-42.019,0.46043
34.598,-42.027,0.45839
34.587,-42.035,0.4573
34.575,-42.042,0.45719
34.564,-42.05,0.45807
34.552,-42.058,0.4599
34.541,-42.065,0.4627
34.529,-42.073,0.46644
34.518,-42.08,0.47111
34.508,-42.087,0.47669
34.497,-42.094,0.48315
34.487,-42.1,0.49046
34.478,-42.106,0.49858
34.469,-42.112,0.50747
34.46,-42.118,0.51709
34.453,-42.123,0.52739
34.445,-42.127,0.53832
34.439,-42.132,0.54984
34.433,-42.136,0.56187
34.427,-42.139,0.57437
34.423,-42.142,0.58727
34.419,-42.144,0.60051
34.416,-42.146,0.61403
34.414,-42.147,0.62776
34.412,-42.148,0.64163
34.412,-42.148,0.65557
34.301,-41.981,0.65268
34.301,-41.981,0.66664
34.302,-41.98,0.68053
34.304,-41.979,0.69429
34.307,-41.977,0.70786
34.31,-41.974,0.72117
34.314,-41.971,0.73415
34.319,-41.968,0.74674
34.325,-41.964,0.75888
34.331,-41.959,0.77052
34.338,-41.954,0.78158
34.346,-41.949,0.79202
34.354,-41.943,0.8018
34.363,-41.937,0.81085
34.372,-41.931,0.81914
34.382,-41.925,0.82663
34.392,-41.918,0.83328
34.402,-41.911,0.83905
34.413,-41.903,0.84392
34.424,-41.896,0.84788
34.436,-41.888,0.85088
34.447,-41.88,0.85292
34.459,-41.873,0.85401
34.47,-41.865,0.85412
34.482,-41.857,0.85324
34.493,-41.85,0.85141
34.505,-41.842,0.84861
34.516,-41.835,0.84487
34.527,-41.827,0.8402
34.538,-41.82,0.83462
34.548,-41.814,0.82816
34.558,-41.807,0.82085
34.568,-41.801,0.81273
34.577,-41.795,0.80384
34.585,-41.79,0.79422
34.593,-41.785,0.78392
34.6,-41.78,0.77299
34.607,-41.776,0.76147
34.613,-41.772,0.74944
34.618,-41.769,0.73694
34.623,-41.766,0.72404
34.627,-41.763,0.7108
34.63,-41.762,0.69728
34.632,-41.76,0.68355
34.633,-41.76,0.66968
34.634,-41.76,0.65574
34.634,-41.76,0.64178
34.633,-41.761,0.62789
34.631,-41.762,0.61413
34.628,-41.764,0.60056
34.625,-41.767,0.58725
34.621,-41.77,0.57427
34.616,-41.773,0.56168
34.61,-41.777,0.54954
34.604,-41.782,0.5379
34.597,-41.787,0.52684
34.589,-41.792,0.5164
34.581,-41.797,0.50662
34.572,-41.803,0.49757
34.563,-41.81,0.48928
34.553,-41.816,0.48179
34.543,-41.823,0.47514
34.532,-41.83,0.46937
34.522,-41.838,0.4645
34.51,-41.845,0.46055
34.499,-41.853,0.45754
34.488,-41.86,0.4555
34.476,-41.868,0.45441
34.464,-41.876,0.4543
34.453,-41.884,0.45518
34.441,-41.891,0.45701
34.43,-41.899,0.45981
34.419,-41.906,0.46355
34.408,-41.913,0.46822
34.397,-41.92,0.47381
34.387,-41.927,0.48026
34.377,-41.934,0.48757
34.367,-41.94,0.49569
34.358,-41.946,0.50458
34.35,-41.951,0.5142
34.342,-41.956,0.5245
34.334,-41.961,0.53543
34.328,-41.965,0.54695
34.322,-41.969,0.55898
34.316,-41.972,0.57148
34.312,-41.975,0.58438
34.308,-41.977,0.59762
34.305,-41.979,0.61114
34.303,-41.98,0.62487
34.302,-41.981,0.63874
34.301,-41.981,0.65268
34.19,-41.815,0.64979
34.19,-41.814,0.66375
34.191,-41.813,0.67764
34.193,-41.812,0.6914
34.196,-41.81,0.70497
34.199,-41.808,0.71828
34.203,-41.805,0.73126
34.208,-41.801,0.74385
34.214,-41.797,0.75599
34.22,-41.793,0.76763
34.227,-41.788,0.77869
34.235,-41.783,0.78913
34.243,-41.777,0.79891
34.252,-41.771,0.80796
34.261,-41.765,0.81626
34.271,-41.758,0.82374
34.281,-41.751,0.83039
34.292,-41.744,0.83616
34.302,-41.737,0.84103
34.314,-41.729,0.84499
34.325,-41.722,0.84799
34.336,-41.714,0.85004
34.348,-41.706,0.85112
34.36,-41.699,0.85123
34.371,-41.691,0.85035
34.383,-41.683,0.84852
34.394,-41.676,0.84572
34.405,-41.668,0.84198
34.416,-41.661,0.83731
34.427,-41.654,0.83173
34.437,-41.647,0.82527
34.447,-41.641,0.81796
34.457,-41.635,0.80984
34.466,-41.629,0.80095
34.474,-41.623,0.79133
34.482,-41.618,0.78103
34.49,-41.613,0.7701
34.496,-41.609,0.75858
34.502,-41.605,0.74655
34.508,-41.602,0.73405
34.512,-41.599,0.72115
34.516,-41.597,0.70791
34.519,-41.595,0.69439
34.521,-41.594,0.68066
34.522,-41.593,0.66679
34.523,-41.593,0.65285
34.523,-41.594,0.6389
34.522,-41.594,0.625
34.52,-41.596,0.61124
34.517,-41.598,0.59767
34.514,-41.6,0.58436
34.51,-41.603,0.57138
34.505,-41.607,0.55879
34.499,-41.611,0.54665
34.493,-41.615,0.53501
34.486,-41.62,0.52395
34.478,-41.625,0.51351
34.47,-41.631,0.50373
34.461,-41.637,0.49468
34.452,-41.643,0.48639
34.442,-41.65,0.4789
34.432,-41.657,0.47225
34.422,-41.664,0.46648
34.411,-41.671,0.46161
34.4,-41.679,0.45766
34.388,-41.686,0.45465
34.377,-41.694,0.45261
34.365,-41.702,0.45152
34.354,-41.709,0.45141
34.342,-41.717,0.45229
34.331,-41.725,0.45412
34.319,-41.732,0.45692
34.308,-41.74,0.46066
34.297,-41.747,0.46533
34.286,-41.754,0.47092
34.276,-41.761,0.47737
34.266,-41.767,0.48468
34.256,-41.773,0.4928
34.247,-41.779,0.50169
34.239,-41.785,0.51131
34.231,-41.79,0.52161
34.224,-41.795,0.53254
34.217,-41.799,0.54406
34.211,-41.803,0.55609
34.206,-41.806,0.56859
34.201,-41.809,0.58149
34.197,-41.811,0.59473
34.194,-41.813,0.60825
34.192,-41.814,0.62198
34.191,-41.815,0.63585
34.19,-41.815,0.64979
34.079,-41.648,0.64691
34.08,-41.648,0.66086
34.081,-41.647,0.67475
34.082,-41.646,0.68852
34.085,-41.644,0.70208
34.088,-41.641,0.71539
34.093,-41.638,0.72837
34.097,-41.635,0.74097
34.103,-41.631,0.7531
34.109,-41.626,0.76474
34.116,-41.621,0.77581
34.124,-41.616,0.78625
34.132,-41.61,0.79602
34.141,-41.604,0.80507
34.15,-41.598,0.81337
34.16,-41.592,0.82086
34.17,-41.585,0.8275
34.181,-41.578,0.83328
34.192,-41.57,0.83814
34.203,-41.563,0.8421
34.214,-41.555,0.8451
34.226,-41.548,0.84715
34.237,-41.54,0.84823
34.249,-41.532,0.84834
34.26,-41.524,0.84747
34.272,-41.517,0.84563
34.283,-41.509,0.84284
34.294,-41.502,0.83909
34.305,-41.495,0.83442
34.316,-41.488,0.82884
34.327,-41.481,0.82238
34.336,-41.474,0.81507
34.346,-41.468,0.80695
34.355,-41.462,0.79806
34.364,-41.457,0.78844
34.371,-41.452,0.77814
34.379,-41.447,0.76721
34.385,-41.443,0.75569
34.391,-41.439,0.74366
34.397,-41.436,0.73116
34.401,-41.433,0.71826
34.405,-41.431,0.70502
34.408,-41.429,0.6915
34.41,-41.428,0.67778
34.412,-41.427,0.6639
34.412,-41.427,0.64996
34.412,-41.427,0.63601
34.411,-41.428,0.62211
34.409,-41.429,0.60835
34.407,-41.431,0.59478
34.403,-41.434,0.58147
34.399,-41.437,0.56849
34.394,-41.44,0.5559
34.388,-41.444,0.54376
34.382,-41.449,0.53212
34.375,-41.454,0.52106
34.368,-41.459,0.51062
34.359,-41.464,0.50084
34.351,-41.47,0.49179
34.341,-41.477,0.4835
34.332,-41.483,0.47601
34.321,-41.49,0.46937
34.311,-41.497,0.46359
34.3,-41.505,0.45872
34.289,-41.512,0.45477
34.278,-41.52,0.45176
34.266,-41.527,0.44972
34.254,-41.535,0.44863
34.243,-41.543,0.44853
34.231,-41.551,0.4494
34.22,-41.558,0.45123
34.208,-41.566,0.45403
34.197,-41.573,0.45778
34.186,-41.58,0.46244
34.175,-41.587,0.46803
34.165,-41.594,0.47448
34.155,-41.601,0.48179
34.146,-41.607,0.48991
34.137,-41.613,0.4988
34.128,-41.618,0.50842
34.12,-41.623,0.51872
34.113,-41.628,0.52965
34.106,-41.632,0.54117
34.1,-41.636,0.5532
34.095,-41.639,0.5657
34.09,-41.642,0.5786
34.087,-41.644,0.59184
34.084,-41.646,0.60536
34.081,-41.647,0.61909
34.08,-41.648,0.63296
34.079,-41.648,0.64691
33.969,-41.482,0.64402
33.969,-41.481,0.65797
33.97,-41.481,0.67186
33.972,-41.479,0.68563
33.974,-41.477,0.69919
33.978,-41.475,0.7125
33.982,-41.472,0.72548
33.987,-41.468,0.73808
33.992,-41.464,0.75021
33.999,-41.46,0.76185
34.006,-41.455,0.77292
34.013,-41.45,0.78336
34.021,-41.444,0.79313
34.03,-41.438,0.80218
34.04,-41.432,0.81048
34.049,-41.425,0.81797
34.059,-41.418,0.82461
34.07,-41.411,0.83039
34.081,-41.404,0.83526
34.092,-41.396,0.83921
34.103,-41.389,0.84221
34.115,-41.381,0.84426
34.126,-41.373,0.84534
34.138,-41.366,0.84545
34.15,-41.358,0.84458
34.161,-41.35,0.84274
34.172,-41.343,0.83995
34.184,-41.335,0.8362
34.195,-41.328,0.83153
34.205,-41.321,0.82595
34.216,-41.314,0.81949
34.226,-41.308,0.81218
34.235,-41.302,0.80406
34.244,-41.296,0.79518
34.253,-41.29,0.78555
34.261,-41.285,0.77526
34.268,-41.28,0.76432
34.275,-41.276,0.7528
34.281,-41.272,0.74077
34.286,-41.269,0.72827
34.29,-41.266,0.71537
34.294,-41.264,0.70213
34.297,-41.262,0.68861
34.299,-41.261,0.67489
34.301,-41.26,0.66102
34.301,-41.26,0.64707
34.301,-41.261,0.63312
34.3,-41.261,0.61922
34.298,-41.263,0.60546
34.296,-41.265,0.59189
34.292,-41.267,0.57858
34.288,-41.27,0.5656
34.283,-41.274,0.55301
34.278,-41.278,0.54087
34.271,-41.282,0.52923
34.264,-41.287,0.51817
34.257,-41.292,0.50773
34.249,-41.298,0.49795
34.24,-41.304,0.4889
34.23,-41.31,0.48061
34.221,-41.317,0.47312
34.211,-41.324,0.46648
34.2,-41.331,0.4607
34.189,-41.338,0.45583
34.178,-41.346,0.45188
34.167,-41.353,0.44887
34.155,-41.361,0.44683
34.144,-41.369,0.44574
34.132,-41.376,0.44564
34.12,-41.384,0.44651
34.109,-41.392,0.44834
34.097,-41.399,0.45114
34.086,-41.407,0.45489
34.075,-41.414,0.45956
34.065,-41.421,0.46514
34.054,-41.428,0.47159
34.044,-41.434,0.4789
34.035,-41.44,0.48702
34.026,-41.446,0.49591
34.017,-41.452,0.50553
34.009,-41.457,0.51583
34.002,-41.462,0.52676
33.995,-41.466,0.53828
33.989,-41.47,0.55031
33.984,-41.473,0.56281
33.98,-41.476,0.57571
33.976,-41.478,0.58896
33.973,-41.48,0.60247
33.971,-41.481,0.6162
33.969,-41.482,0.63007
33.969,-41.482,0.64402
33.858,-41.315,0.64113
33.858,-41.315,0.65508
33.859,-41.314,0.66897
33.861,-41.313,0.68274
33.863,-41.311,0.69631
33.867,-41.308,0.70961
33.871,-41.305,0.7226
33.876,-41.302,0.73519
33.881,-41.298,0.74732
33.888,-41.293,0.75896
33.895,-41.288,0.77003
33.902,-41.283,0.78047
33.911,-41.278,0.79024
33.919,-41.272,0.79929
33.929,-41.265,0.80759
33.938,-41.259,0.81508
33.949,-41.252,0.82172
33.959,-41.245,0.8275
33.97,-41.237,0.83237
33.981,-41.23,0.83632
33.992,-41.222,0.83932
34.004,-41.215,0.84137
34.016,-41.207,0.84245
34.027,-41.199,0.84256
34.039,-41.191,0.84169
34.05,-41.184,0.83985
34.062,-41.176,0.83706
34.073,-41.169,0.83331
34.084,-41.162,0.82864
34.095,-41.155,0.82306
34.105,-41.148,0.8166
34.115,-41.141,0.8093
34.124,-41.135,0.80117
34.133,-41.129,0.79229
34.142,-41.124,0.78266
34.15,-41.119,0.77237
34.157,-41.114,0.76143
34.164,-41.11,0.74991
34.17,-41.106,0.73788
34.175,-41.103,0.72539
34.18,-41.1,0.71248
34.183,-41.098,0.69924
34.186,-41.096,0.68572
34.189,-41.095,0.672
34.19,-41.094,0.65813
34.191,-41.094,0.64418
34.19,-41.094,0.63023
34.189,-41.095,0.61633
34.188,-41.096,0.60257
34.185,-41.098,0.589
34.182,-41.101,0.57569
34.177,-41.104,0.56271
34.173,-41.107,0.55012
34.167,-41.111,0.53798
34.161,-41.116,0.52635
34.154,-41.121,0.51528
34.146,-41.126,0.50484
34.138,-41.132,0.49507
34.129,-41.138,0.48602
34.12,-41.144,0.47772
34.11,-41.15,0.47023
34.1,-41.157,0.46359
34.089,-41.164,0.45781
34.078,-41.172,0.45294
34.067,-41.179,0.44899
34.056,-41.187,0.44599
34.044,-41.195,0.44394
34.033,-41.202,0.44285
34.021,-41.21,0.44275
34.01,-41.218,0.44362
33.998,-41.225,0.44546
33.987,-41.233,0.44825
33.975,-41.24,0.452
33.964,-41.247,0.45667
33.954,-41.255,0.46225
33.943,-41.261,0.4687
33.933,-41.268,0.47601
33.924,-41.274,0.48413
33.915,-41.28,0.49302
33.906,-41.285,0.50264
33.898,-41.29,0.51294
33.891,-41.295,0.52387
33.885,-41.299,0.53539
33.879,-41.303,0.54742
33.873,-41.306,0.55992
33.869,-41.309,0.57282
33.865,-41.311,0.58607
33.862,-41.313,0.59958
33.86,-41.315,0.61331
33.858,-41.315,0.62718
33.858,-41.315,0.64113
33.747,-41.149,0.63824
33.747,-41.149,0.65219
33.748,-41.148,0.66608
33.75,-41.146,0.67985
33.753,-41.144,0.69342
33.756,-41.142,0.70672
33.76,-41.139,0.71971
33.765,-41.135,0.7323
33.771,-41.131,0.74444
33.777,-41.127,0.75607
33.784,-41.122,0.76714
33.792,-41.117,0.77758
33.8,-41.111,0.78735
33.809,-41.105,0.7964
33.818,-41.099,0.8047
33.828,-41.092,0.81219
33.838,-41.085,0.81883
33.848,-41.078,0.82461
33.859,-41.071,0.82948
33.87,-41.063,0.83343
33.882,-41.056,0.83643
33.893,-41.048,0.83848
33.905,-41.04,0.83956
33.916,-41.033,0.83967
33.928,-41.025,0.8388
33.939,-41.017,0.83696
33.951,-41.01,0.83417
33.962,-41.002,0.83042
33.973,-40.995,0.82575
33.984,-40.988,0.82017
33.994,-40.981,0.81372
34.004,-40.975,0.80641
34.014,-40.969,0.79828
34.023,-40.963,0.7894
34.031,-40.957,0.77977
34.039,-40.952,0.76948
34.046,-40.947,0.75854
34.053,-40.943,0.74703
34.059,-40.939,0.73499
34.064,-40.936,0.7225
34.069,-40.933,0.70959
34.073,-40.931,0.69635
34.076,-40.929,0.68283
34.078,-40.928,0.66911
34.079,-40.927,0.65524
34.08,-40.927,0.64129
34.08,-40.928,0.62734
34.079,-40.929,0.61345
34.077,-40.93,0.59968
34.074,-40.932,0.58611
34.071,-40.934,0.5728
34.067,-40.937,0.55982
34.062,-40.941,0.54723
34.056,-40.945,0.53509
34.05,-40.949,0.52346
34.043,-40.954,0.51239
34.035,-40.959,0.50195
34.027,-40.965,0.49218
34.018,-40.971,0.48313
34.009,-40.977,0.47483
33.999,-40.984,0.46734
33.989,-40.991,0.4607
33.978,-40.998,0.45492
33.968,-41.005,0.45005
33.956,-41.013,0.4461
33.945,-41.02,0.4431
33.934,-41.028,0.44105
33.922,-41.036,0.43996
33.91,-41.043,0.43986
33.899,-41.051,0.44073
33.887,-41.059,0.44257
33.876,-41.066,0.44536
33.865,-41.074,0.44911
33.854,-41.081,0.45378
33.843,-41.088,0.45936
33.833,-41.095,0.46581
33.823,-41.101,0.47312
33.813,-41.108,0.48125
33.804,-41.113,0.49013
33.796,-41.119,0.49976
33.788,-41.124,0.51005
33.78,-41.129,0.52099
33.774,-41.133,0.5325
33.768,-41.137,0.54454
33.762,-41.14,0.55703
33.758,-41.143,0.56994
33.754,-41.145,0.58318
33.751,-41.147,0.59669
33.749,-41.148,0.61042
33.748,-41.149,0.62429
33.747,-41.149,0.63824
33.636,-40.982,0.63535
33.636,-40.982,0.6493
33.637,-40.981,0.6632
33.639,-40.98,0.67696
33.642,-40.978,0.69053
33.645,-40.975,0.70384
33.649,-40.972,0.71682
33.654,-40.969,0.72941
33.66,-40.965,0.74155
33.666,-40.96,0.75318
33.673,-40.955,0.76425
33.681,-40.95,0.77469
33.689,-40.945,0.78446
33.698,-40.939,0.79351
33.707,-40.932,0.80181
33.717,-40.926,0.8093
33.727,-40.919,0.81594
33.738,-40.912,0.82172
33.748,-40.904,0.82659
33.76,-40.897,0.83054
33.771,-40.889,0.83354
33.782,-40.882,0.83559
33.794,-40.874,0.83668
33.806,-40.866,0.83678
33.817,-40.858,0.83591
33.829,-40.851,0.83407
33.84,-40.843,0.83128
33.851,-40.836,0.82753
33.862,-40.829,0.82286
33.873,-40.822,0.81728
33.883,-40.815,0.81083
33.893,-40.808,0.80352
33.903,-40.802,0.79539
33.912,-40.796,0.78651
33.92,-40.791,0.77689
33.928,-40.786,0.76659
33.936,-40.781,0.75566
33.942,-40.777,0.74414
33.948,-40.773,0.73211
33.953,-40.77,0.71961
33.958,-40.767,0.70671
33.962,-40.765,0.69346
33.965,-40.763,0.67995
33.967,-40.762,0.66622
33.968,-40.761,0.65235
33.969,-40.761,0.6384
33.969,-40.761,0.62445
33.968,-40.762,0.61056
33.966,-40.763,0.59679
33.963,-40.765,0.58322
33.96,-40.768,0.56992
33.956,-40.771,0.55693
33.951,-40.774,0.54434
33.945,-40.778,0.5322
33.939,-40.783,0.52057
33.932,-40.788,0.5095
33.924,-40.793,0.49906
33.916,-40.799,0.48929
33.907,-40.805,0.48024
33.898,-40.811,0.47194
33.888,-40.818,0.46445
33.878,-40.824,0.45781
33.868,-40.832,0.45203
33.857,-40.839,0.44716
33.846,-40.846,0.44321
33.834,-40.854,0.44021
33.823,-40.862,0.43816
33.811,-40.869,0.43708
33.8,-40.877,0.43697
33.788,-40.885,0.43784
33.776,-40.892,0.43968
33.765,-40.9,0.44247
33.754,-40.907,0.44622
33.743,-40.915,0.45089
33.732,-40.922,0.45647
33.722,-40.928,0.46293
33.712,-40.935,0.47023
33.702,-40.941,0.47836
33.693,-40.947,0.48724
33.685,-40.952,0.49687
33.677,-40.957,0.50716
33.67,-40.962,0.5181
33.663,-40.966,0.52962
33.657,-40.97,0.54165
33.652,-40.973,0.55414
33.647,-40.976,0.56705
33.643,-40.979,0.58029
33.64,-40.98,0.59381
33.638,-40.982,0.60753
33.637,-40.982,0.6214
33.636,-40.982,0.63535
33.525,-40.816,0.63246
33.526,-40.816,0.64641
33.527,-40.815,0.66031
33.528,-40.813,0.67407
33.531,-40.811,0.68764
33.534,-40.809,0.70095
33.539,-40.806,0.71393
33.543,-40.802,0.72652
33.549,-40.798,0.73866
33.555,-40.794,0.7503
33.562,-40.789,0.76136
33.57,-40.784,0.7718
33.578,-40.778,0.78158
33.587,-40.772,0.79063
33.596,-40.766,0.79892
33.606,-40.759,0.80641
33.616,-40.752,0.81305
33.627,-40.745,0.81883
33.638,-40.738,0.8237
33.649,-40.73,0.82765
33.66,-40.723,0.83066
33.672,-40.715,0.8327
33.683,-40.707,0.83379
33.695,-40.7,0.83389
33.706,-40.692,0.83302
33.718,-40.684,0.83119
33.729,-40.677,0.82839
33.74,-40.669,0.82464
33.751,-40.662,0.81997
33.762,-40.655,0.81439
33.773,-40.648,0.80794
33.782,-40.642,0.80063
33.792,-40.636,0.79251
33.801,-40.63,0.78362
33.81,-40.624,0.774
33.817,-40.619,0.7637
33.825,-40.615,0.75277
33.831,-40.61,0.74125
33.837,-40.607,0.72922
33.843,-40.603,0.71672
33.847,-40.6,0.70382
33.851,-40.598,0.69057
33.854,-40.596,0.67706
33.856,-40.595,0.66333
33.858,-40.594,0.64946
33.858,-40.594,0.63551
33.858,-40.595,0.62156
33.857,-40.596,0.60767
33.855,-40.597,0.5939
33.853,-40.599,0.58033
33.849,-40.601,0.56703
33.845,-40.604,0.55405
33.84,-40.608,0.54145
33.834,-40.612,0.52932
33.828,-40.616,0.51768
33.821,-40.621,0.50661
33.814,-40.626,0.49617
33.805,-40.632,0.4864
33.797,-40.638,0.47735
33.787,-40.644,0.46905
33.777,-40.651,0.46156
33.767,-40.658,0.45492
33.757,-40.665,0.44914
33.746,-40.672,0.44427
33.735,-40.68,0.44032
33.724,-40.687,0.43732
33.712,-40.695,0.43527
33.7,-40.703,0.43419
33.689,-40.711,0.43408
33.677,-40.718,0.43495
33.666,-40.726,0.43679
33.654,-40.733,0.43958
33.643,-40.741,0.44333
33.632,-40.748,0.448
33.621,-40.755,0.45358
33.611,-40.762,0.46004
33.601,-40.768,0.46735
33.592,-40.775,0.47547
33.583,-40.78,0.48435
33.574,-40.786,0.49398
33.566,-40.791,0.50427
33.559,-40.796,0.51521
33.552,-40.8,0.52673
33.546,-40.804,0.53876
33.541,-40.807,0.55126
33.536,-40.81,0.56416
33.533,-40.812,0.5774
33.53,-40.814,0.59092
33.527,-40.815,0.60464
33.526,-40.816,0.61851
33.525,-40.816,0.63246
33.414,-40.649,0.62957
33.415,-40.649,0.64352
33.416,-40.648,0.65742
33.418,-40.647,0.67118
33.42,-40.645,0.68475
33.424,-40.642,0.69806
33.428,-40.639,0.71104
33.433,-40.636,0.72363
33.438,-40.632,0.73577
33.445,-40.627,0.74741
33.452,-40.623,0.75847
33.459,-40.617,0.76891
33.467,-40.612,0.77869
33.476,-40.606,0.78774
33.485,-40.599,0.79603
33.495,-40.593,0.80352
33.505,-40.586,0.81016
33.516,-40.579,0.81594
33.527,-40.571,0.82081
33.538,-40.564,0.82476
33.549,-40.556,0.82777
33.561,-40.549,0.82981
33.572,-40.541,0.8309
33.584,-40.533,0.831
33.596,-40.525,0.83013
33.607,-40.518,0.8283
33.618,-40.51,0.8255
33.63,-40.503,0.82175
33.641,-40.496,0.81708
33.651,-40.489,0.8115
33.662,-40.482,0.80505
33.672,-40.475,0.79774
33.681,-40.469,0.78962
33.69,-40.463,0.78073
33.699,-40.458,0.77111
33.707,-40.453,0.76081
33.714,-40.448,0.74988
33.721,-40.444,0.73836
33.727,-40.44,0.72633
33.732,-40.437,0.71383
33.736,-40.434,0.70093
33.74,-40.432,0.68769
33.743,-40.43,0.67417
33.745,-40.429,0.66044
33.747,-40.428,0.64657
33.747,-40.428,0.63262
33.747,-40.428,0.61867
33.746,-40.429,0.60478
33.744,-40.431,0.59101
33.742,-40.433,0.57745
33.738,-40.435,0.56414
33.734,-40.438,0.55116
33.729,-40.442,0.53856
33.724,-40.445,0.52643
33.717,-40.45,0.51479
33.71,-40.455,0.50372
33.703,-40.46,0.49328
33.695,-40.466,0.48351
33.686,-40.472,0.47446
33.676,-40.478,0.46616
33.667,-40.485,0.45867
33.657,-40.491,0.45203
33.646,-40.499,0.44625
33.635,-40.506,0.44138
33.624,-40.513,0.43743
33.613,-40.521,0.43443
33.601,-40.529,0.43238
33.59,-40.536,0.4313
33.578,-40.544,0.43119
33.566,-40.552,0.43206
33.555,-40.559,0.4339
33.543,-40.567,0.43669
33.532,-40.574,0.44044
33.521,-40.582,0.44511
33.511,-40.589,0.45069
33.5,-40.595,0.45715
33.49,-40.602,0.46446
33.481,-40.608,0.47258
33.472,-40.614,0.48147
33.463,-40.619,0.49109
33.455,-40.625,0.50139
33.448,-40.629,0.51232
33.441,-40.633,0.52384
33.435,-40.637,0.53587
33.43,-40.641,0.54837
33.426,-40.643,0.56127
33.422,-40.646,0.57451
33.419,-40.647,0.58803
33.417,-40.649,0.60175
33.415,-40.649,0.61563
33.414,-40.649,0.62957
33.304,-40.483,0.62668
33.304,-40.483,0.64063
33.305,-40.482,0.65453
33.307,-40.48,0.66829
33.309,-40.478,0.68186
33.313,-40.476,0.69517
33.317,-40.473,0.70815
33.322,-40.469,0.72074
33.327,-40.465,0.73288
33.334,-40.461,0.74452
33.341,-40.456,0.75558
33.348,-40.451,0.76602
33.357,-40.445,0.7758
33.365,-40.439,0.78485
33.375,-40.433,0.79314
33.384,-40.426,0.80063
33.395,-40.419,0.80728
33.405,-40.412,0.81305
33.416,-40.405,0.81792
33.427,-40.397,0.82187
33.438,-40.39,0.82488
33.45,-40.382,0.82692
33.461,-40.374,0.82801
33.473,-40.367,0.82812
33.485,-40.359,0.82724
33.496,-40.351,0.82541
33.508,-40.344,0.82261
33.519,-40.336,0.81887
33.53,-40.329,0.8142
33.541,-40.322,0.80861
33.551,-40.315,0.80216
33.561,-40.309,0.79485
33.57,-40.303,0.78673
33.579,-40.297,0.77784
33.588,-40.291,0.76822
33.596,-40.286,0.75792
33.603,-40.282,0.74699
33.61,-40.277,0.73547
33.616,-40.274,0.72344
33.621,-40.27,0.71094
33.626,-40.267,0.69804
33.629,-40.265,0.6848
33.632,-40.263,0.67128
33.635,-40.262,0.65755
33.636,-40.261,0.64368
33.637,-40.261,0.62974
33.636,-40.262,0.61578
33.635,-40.263,0.60189
33.634,-40.264,0.58813
33.631,-40.266,0.57456
33.628,-40.269,0.56125
33.623,-40.272,0.54827
33.619,-40.275,0.53568
33.613,-40.279,0.52354
33.607,-40.283,0.5119
33.6,-40.288,0.50084
33.592,-40.294,0.4904
33.584,-40.299,0.48062
33.575,-40.305,0.47157
33.566,-40.311,0.46327
33.556,-40.318,0.45579
33.546,-40.325,0.44914
33.535,-40.332,0.44337
33.524,-40.339,0.4385
33.513,-40.347,0.43454
33.502,-40.354,0.43154
33.49,-40.362,0.42949
33.479,-40.37,0.42841
33.467,-40.378,0.4283
33.456,-40.385,0.42918
33.444,-40.393,0.43101
33.433,-40.4,0.43381
33.421,-40.408,0.43755
33.41,-40.415,0.44222
33.4,-40.422,0.4478
33.389,-40.429,0.45426
33.379,-40.435,0.46157
33.37,-40.442,0.46969
33.361,-40.447,0.47858
33.352,-40.453,0.4882
33.344,-40.458,0.4985
33.337,-40.463,0.50943
33.331,-40.467,0.52095
33.325,-40.471,0.53298
33.319,-40.474,0.54548
33.315,-40.477,0.55838
33.311,-40.479,0.57162
33.308,-40.481,0.58514
33.306,-40.482,0.59887
33.304,-40.483,0.61274
33.304,-40.483,0.62668
33.193,-40.317,0.62379
33.193,-40.316,0.63775
33.194,-40.315,0.65164
33.196,-40.314,0.6654
33.199,-40.312,0.67897
33.202,-40.309,0.69228
33.206,-40.306,0.70526
33.211,-40.303,0.71785
33.217,-40.299,0.72999
33.223,-40.294,0.74163
33.23,-40.29,0.75269
33.238,-40.284,0.76313
33.246,-40.279,0.77291
33.255,-40.273,0.78196
33.264,-40.266,0.79025
33.274,-40.26,0.79774
33.284,-40.253,0.80439
33.294,-40.246,0.81016
33.305,-40.238,0.81503
33.316,-40.231,0.81898
33.328,-40.223,0.82199
33.339,-40.216,0.82403
33.351,-40.208,0.82512
33.362,-40.2,0.82523
33.374,-40.193,0.82435
33.385,-40.185,0.82252
33.397,-40.177,0.81972
33.408,-40.17,0.81598
33.419,-40.163,0.81131
33.43,-40.156,0.80572
33.44,-40.149,0.79927
33.45,-40.142,0.79196
33.46,-40.136,0.78384
33.469,-40.13,0.77495
33.477,-40.125,0.76533
33.485,-40.12,0.75503
33.492,-40.115,0.7441
33.499,-40.111,0.73258
33.505,-40.107,0.72055
33.51,-40.104,0.70805
33.515,-40.101,0.69515
33.519,-40.099,0.68191
33.522,-40.097,0.66839
33.524,-40.096,0.65466
33.525,-40.095,0.64079
33.526,-40.095,0.62685
33.526,-40.095,0.61289
33.525,-40.096,0.599
33.523,-40.098,0.58524
33.52,-40.1,0.57167
33.517,-40.102,0.55836
33.513,-40.105,0.54538
33.508,-40.109,0.53279
33.502,-40.113,0.52065
33.496,-40.117,0.50901
33.489,-40.122,0.49795
33.481,-40.127,0.48751
33.473,-40.133,0.47773
33.464,-40.139,0.46868
33.455,-40.145,0.46039
33.445,-40.152,0.4529
33.435,-40.158,0.44625
33.424,-40.166,0.44048
33.414,-40.173,0.43561
33.402,-40.18,0.43165
33.391,-40.188,0.42865
33.38,-40.196,0.42661
33.368,-40.203,0.42552
33.356,-40.211,0.42541
33.345,-40.219,0.42629
33.333,-40.226,0.42812
33.322,-40.234,0.43092
33.311,-40.241,0.43466
33.3,-40.249,0.43933
33.289,-40.256,0.44491
33.279,-40.262,0.45137
33.269,-40.269,0.45868
33.259,-40.275,0.4668
33.25,-40.281,0.47569
33.242,-40.286,0.48531
33.234,-40.292,0.49561
33.226,-40.296,0.50654
33.22,-40.3,0.51806
33.214,-40.304,0.53009
33.208,-40.308,0.54259
33.204,-40.31,0.55549
33.2,-40.313,0.56873
33.197,-40.314,0.58225
33.195,-40.316,0.59598
33.193,-40.316,0.60985
33.193,-40.317,0.62379
33.082,-40.15,0.6209
33.082,-40.15,0.63486
33.083,-40.149,0.64875
33.085,-40.147,0.66251
33.088,-40.145,0.67608
33.091,-40.143,0.68939
33.095,-40.14,0.70237
33.1,-40.136,0.71496
33.106,-40.132,0.7271
33.112,-40.128,0.73874
33.119,-40.123,0.7498
33.127,-40.118,0.76024
33.135,-40.112,0.77002
33.144,-40.106,0.77907
33.153,-40.1,0.78736
33.163,-40.093,0.79485
33.173,-40.086,0.8015
33.184,-40.079,0.80727
33.194,-40.072,0.81214
33.206,-40.064,0.8161
33.217,-40.057,0.8191
33.228,-40.049,0.82114
33.24,-40.042,0.82223
33.252,-40.034,0.82234
33.263,-40.026,0.82146
33.275,-40.018,0.81963
33.286,-40.011,0.81683
33.297,-40.003,0.81309
33.308,-39.996,0.80842
33.319,-39.989,0.80284
33.329,-39.982,0.79638
33.339,-39.976,0.78907
33.349,-39.97,0.78095
33.358,-39.964,0.77206
33.366,-39.958,0.76244
33.374,-39.953,0.75214
33.382,-39.949,0.74121
33.388,-39.944,0.72969
33.394,-39.941,0.71766
33.399,-39.937,0.70516
33.404,-39.935,0.69226
33.408,-39.932,0.67902
33.411,-39.93,0.6655
33.413,-39.929,0.65177
33.414,-39.929,0.6379
33.415,-39.928,0.62396
33.415,-39.929,0.61
33.414,-39.93,0.59611
33.412,-39.931,0.58235
33.409,-39.933,0.56878
33.406,-39.936,0.55547
33.402,-39.939,0.54249
33.397,-39.942,0.5299
33.391,-39.946,0.51776
33.385,-39.95,0.50612
33.378,-39.955,0.49506
33.37,-39.961,0.48462
33.362,-39.966,0.47484
33.353,-39.972,0.46579
33.344,-39.979,0.4575
33.334,-39.985,0.45001
33.324,-39.992,0.44336
33.314,-39.999,0.43759
33.303,-40.006,0.43272
33.292,-40.014,0.42877
33.28,-40.021,0.42576
33.269,-40.029,0.42372
33.257,-40.037,0.42263
33.246,-40.045,0.42252
33.234,-40.052,0.4234
33.222,-40.06,0.42523
33.211,-40.068,0.42803
33.2,-40.075,0.43177
33.189,-40.082,0.43644
33.178,-40.089,0.44202
33.168,-40.096,0.44848
33.158,-40.102,0.45579
33.148,-40.109,0.46391
33.139,-40.115,0.4728
33.131,-40.12,0.48242
33.123,-40.125,0.49272
33.116,-40.13,0.50365
33.109,-40.134,0.51517
33.103,-40.138,0.5272
33.098,-40.141,0.5397
33.093,-40.144,0.5526
33.089,-40.146,0.56584
33.086,-40.148,0.57936
33.084,-40.149,0.59309
33.083,-40.15,0.60696
33.082,-40.15,0.6209
32.971,-39.984,0.61801
32.971,-39.983,0.63197
32.973,-39.982,0.64586
32.974,-39.981,0.65962
32.977,-39.979,0.67319
32.98,-39.976,0.6865
32.985,-39.973,0.69948
32.989,-39.97,0.71207
32.995,-39.966,0.72421
33.001,-39.961,0.73585
33.008,-39.957,0.74691
33.016,-39.951,0.75735
33.024,-39.946,0.76713
33.033,-39.94,0.77618
33.042,-39.933,0.78448
33.052,-39.927,0.79196
33.062,-39.92,0.79861
33.073,-39.913,0.80438
33.084,-39.905,0.80925
33.095,-39.898,0.81321
33.106,-39.89,0.81621
33.118,-39.883,0.81826
33.129,-39.875,0.81934
33.141,-39.867,0.81945
33.152,-39.86,0.81857
33.164,-39.852,0.81674
33.175,-39.844,0.81394
33.186,-39.837,0.8102
33.197,-39.83,0.80553
33.208,-39.823,0.79995
33.219,-39.816,0.79349
33.228,-39.809,0.78618
33.238,-39.803,0.77806
33.247,-39.797,0.76917
33.256,-39.792,0.75955
33.263,-39.787,0.74925
33.271,-39.782,0.73832
33.277,-39.778,0.7268
33.283,-39.774,0.71477
33.289,-39.771,0.70227
33.293,-39.768,0.68937
33.297,-39.766,0.67613
33.3,-39.764,0.66261
33.302,-39.763,0.64888
33.304,-39.762,0.63501
33.304,-39.762,0.62107
33.304,-39.762,0.60712
33.303,-39.763,0.59322
33.301,-39.765,0.57946
33.299,-39.767,0.56589
33.295,-39.769,0.55258
33.291,-39.772,0.5396
33.286,-39.776,0.52701
33.28,-39.78,0.51487
33.274,-39.784,0.50323
33.267,-39.789,0.49217
33.26,-39.794,0.48173
33.251,-39.8,0.47195
33.243,-39.806,0.4629
33.233,-39.812,0.45461
33.223,-39.819,0.44712
33.213,-39.826,0.44047
33.203,-39.833,0.4347
33.192,-39.84,0.42983
33.181,-39.847,0.42588
33.169,-39.855,0.42287
33.158,-39.863,0.42083
33.146,-39.87,0.41974
33.135,-39.878,0.41963
33.123,-39.886,0.42051
33.112,-39.894,0.42234
33.1,-39.901,0.42514
33.089,-39.908,0.42888
33.078,-39.916,0.43355
33.067,-39.923,0.43914
33.057,-39.929,0.44559
33.047,-39.936,0.4529
33.038,-39.942,0.46102
33.028,-39.948,0.46991
33.02,-39.954,0.47953
33.012,-39.959,0.48983
33.005,-39.963,0.50076
32.998,-39.968,0.51228
32.992,-39.971,0.52431
32.987,-39.975,0.53681
32.982,-39.977,0.54971
32.979,-39.98,0.56295
32.976,-39.981,0.57647
32.973,-39.983,0.5902
32.972,-39.983,0.60407
32.971,-39.984,0.61801
32.86,-39.817,0.61513
32.861,-39.817,0.62908
32.862,-39.816,0.64297
32.864,-39.814,0.65674
32.866,-39.812,0.6703
32.87,-39.81,0.68361
32.874,-39.807,0.69659
32.879,-39.803,0.70919
32.884,-39.799,0.72132
32.891,-39.795,0.73296
32.898,-39.79,0.74403
32.905,-39.785,0.75447
32.913,-39.779,0.76424
32.922,-39.773,0.77329
32.931,-39.767,0.78159
32.941,-39.76,0.78908
32.951,-39.753,0.79572
32.962,-39.746,0.8015
32.973,-39.739,0.80636
32.984,-39.732,0.81032
32.995,-39.724,0.81332
33.007,-39.716,0.81537
33.018,-39.709,0.81645
33.03,-39.701,0.81656
33.042,-39.693,0.81569
33.053,-39.685,0.81385
33.064,-39.678,0.81106
33.076,-39.671,0.80731
33.087,-39.663,0.80264
33.097,-39.656,0.79706
33.108,-39.649,0.7906
33.118,-39.643,0.78329
33.127,-39.637,0.77517
33.136,-39.631,0.76628
33.145,-39.625,0.75666
33.153,-39.62,0.74636
33.16,-39.616,0.73543
33.167,-39.611,0.72391
33.173,-39.608,0.71188
33.178,-39.604,0.69938
33.182,-39.602,0.68648
33.186,-39.599,0.67324
33.189,-39.598,0.65972
33.191,-39.596,0.646
33.193,-39.596,0.63212
33.193,-39.595,0.61818
33.193,-39.596,0.60423
33.192,-39.597,0.59033
33.19,-39.598,0.57657
33.188,-39.6,0.563
33.184,-39.603,0.54969
33.18,-39.606,0.53671
33.175,-39.609,0.52412
33.17,-39.613,0.51198
33.163,-39.618,0.50034
33.156,-39.622,0.48928
33.149,-39.628,0.47884
33.14,-39.633,0.46906
33.132,-39.639,0.46001
33.122,-39.646,0.45172
33.113,-39.652,0.44423
33.103,-39.659,0.43759
33.092,-39.666,0.43181
33.081,-39.673,0.42694
33.07,-39.681,0.42299
33.059,-39.689,0.41998
33.047,-39.696,0.41794
33.036,-39.704,0.41685
33.024,-39.712,0.41675
33.012,-39.719,0.41762
33.001,-39.727,0.41945
32.989,-39.735,0.42225
32.978,-39.742,0.426
32.967,-39.749,0.43066
32.957,-39.756,0.43625
32.946,-39.763,0.4427
32.936,-39.77,0.45001
32.927,-39.776,0.45813
32.918,-39.782,0.46702
32.909,-39.787,0.47664
32.901,-39.792,0.48694
32.894,-39.797,0.49787
32.887,-39.801,0.50939
32.881,-39.805,0.52142
32.876,-39.808,0.53392
32.872,-39.811,0.54682
32.868,-39.813,0.56006
32.865,-39.815,0.57358
32.863,-39.816,0.58731
32.861,-39.817,0.60118
32.86,-39.817,0.61513
32.75,-39.651,0.61224
32.75,-39.65,0.62619
32.751,-39.649,0.64008
32.753,-39.648,0.65385
32.755,-39.646,0.66741
32.759,-39.643,0.68072
32.763,-39.64,0.6937
32.768,-39.637,0.7063
32.773,-39.633,0.71843
32.78,-39.629,0.73007
32.787,-39.624,0.74114
32.794,-39.618,0.75158
32.803,-39.613,0.76135
32.811,-39.607,0.7704
32.821,-39.6,0.7787
32.83,-39.594,0.78619
32.841,-39.587,0.79283
32.851,-39.58,0.79861
32.862,-39.573,0.80348
32.873,-39.565,0.80743
32.884,-39.557,0.81043
32.896,-39.55,0.81248
32.907,-39.542,0.81356
32.919,-39.534,0.81367
32.931,-39.527,0.8128
32.942,-39.519,0.81096
32.954,-39.511,0.80817
32.965,-39.504,0.80442
32.976,-39.497,0.79975
32.987,-39.49,0.79417
32.997,-39.483,0.78771
33.007,-39.477,0.7804
33.016,-39.47,0.77228
33.025,-39.464,0.7634
33.034,-39.459,0.75377
33.042,-39.454,0.74348
33.049,-39.449,0.73254
33.056,-39.445,0.72102
33.062,-39.441,0.70899
33.067,-39.438,0.69649
33.072,-39.435,0.68359
33.075,-39.433,0.67035
33.078,-39.431,0.65683
33.081,-39.43,0.64311
33.082,-39.429,0.62924
33.083,-39.429,0.61529
33.082,-39.429,0.60134
33.081,-39.43,0.58744
33.08,-39.432,0.57368
33.077,-39.434,0.56011
33.074,-39.436,0.5468
33.069,-39.439,0.53382
33.064,-39.443,0.52123
33.059,-39.447,0.50909
33.053,-39.451,0.49745
33.046,-39.456,0.48639
33.038,-39.461,0.47595
33.03,-39.467,0.46617
33.021,-39.473,0.45712
33.012,-39.479,0.44883
33.002,-39.486,0.44134
32.992,-39.493,0.4347
32.981,-39.5,0.42892
32.97,-39.507,0.42405
32.959,-39.514,0.4201
32.948,-39.522,0.41709
32.936,-39.53,0.41505
32.925,-39.537,0.41396
32.913,-39.545,0.41386
32.902,-39.553,0.41473
32.89,-39.561,0.41656
32.879,-39.568,0.41936
32.867,-39.575,0.42311
32.856,-39.583,0.42778
32.846,-39.59,0.43336
32.835,-39.597,0.43981
32.825,-39.603,0.44712
32.816,-39.609,0.45524
32.807,-39.615,0.46413
32.798,-39.621,0.47375
32.79,-39.626,0.48405
32.783,-39.63,0.49498
32.776,-39.635,0.5065
32.771,-39.638,0.51853
32.765,-39.642,0.53103
32.761,-39.644,0.54393
32.757,-39.647,0.55718
32.754,-39.648,0.57069
32.752,-39.65,0.58442
32.75,-39.65,0.59829
32.75,-39.651,0.61224
32.639,-39.484,0.60935
32.639,-39.484,0.6233
32.64,-39.483,0.63719
32.642,-39.481,0.65096
32.645,-39.479,0.66453
32.648,-39.477,0.67783
32.652,-39.474,0.69082
32.657,-39.47,0.70341
32.663,-39.466,0.71554
32.669,-39.462,0.72718
32.676,-39.457,0.73825
32.684,-39.452,0.74869
32.692,-39.446,0.75846
32.701,-39.44,0.76751
32.71,-39.434,0.77581
32.72,-39.427,0.7833
32.73,-39.42,0.78994
32.74,-39.413,0.79572
32.751,-39.406,0.80059
32.762,-39.399,0.80454
32.774,-39.391,0.80754
32.785,-39.383,0.80959
32.797,-39.376,0.81067
32.808,-39.368,0.81078
32.82,-39.36,0.80991
32.831,-39.353,0.80807
32.843,-39.345,0.80528
32.854,-39.338,0.80153
32.865,-39.33,0.79686
32.876,-39.323,0.79128
32.886,-39.317,0.78482
32.896,-39.31,0.77752
32.906,-39.304,0.76939
32.915,-39.298,0.76051
32.923,-39.292,0.75088
32.931,-39.287,0.74059
32.938,-39.283,0.72965
32.945,-39.278,0.71813
32.951,-39.275,0.7061
32.956,-39.271,0.69361
32.961,-39.269,0.6807
32.965,-39.266,0.66746
32.968,-39.265,0.65394
32.97,-39.263,0.64022
32.971,-39.263,0.62635
32.972,-39.262,0.6124
32.972,-39.263,0.59845
32.971,-39.264,0.58455
32.969,-39.265,0.57079
32.966,-39.267,0.55722
32.963,-39.27,0.54391
32.959,-39.273,0.53093
32.954,-39.276,0.51834
32.948,-39.28,0.5062
32.942,-39.285,0.49456
32.935,-39.289,0.4835
32.927,-39.295,0.47306
32.919,-39.3,0.46329
32.91,-39.306,0.45424
32.901,-39.313,0.44594
32.891,-39.319,0.43845
32.881,-39.326,0.43181
32.87,-39.333,0.42603
32.86,-39.341,0.42116
32.848,-39.348,0.41721
32.837,-39.356,0.41421
32.826,-39.363,0.41216
32.814,-39.371,0.41107
32.802,-39.379,0.41097
32.791,-39.386,0.41184
32.779,-39.394,0.41368
32.768,-39.402,0.41647
32.757,-39.409,0.42022
32.746,-39.416,0.42489
32.735,-39.423,0.43047
32.725,-39.43,0.43692
32.715,-39.437,0.44423
32.705,-39.443,0.45235
32.696,-39.449,0.46124
32.688,-39.454,0.47086
32.68,-39.459,0.48116
32.672,-39.464,0.49209
32.666,-39.468,0.50361
32.66,-39.472,0.51564
32.654,-39.475,0.52814
32.65,-39.478,0.54104
32.646,-39.48,0.55429
32.643,-39.482,0.5678
32.641,-39.483,0.58153
32.639,-39.484,0.5954
32.639,-39.484,0.60935
32.528,-39.318,0.60646
32.528,-39.317,0.62041
32.529,-39.316,0.6343
32.531,-39.315,0.64807
32.534,-39.313,0.66164
32.537,-39.31,0.67494
32.541,-39.307,0.68793
32.546,-39.304,0.70052
32.552,-39.3,0.71266
32.558,-39.296,0.72429
32.565,-39.291,0.73536
32.573,-39.285,0.7458
32.581,-39.28,0.75557
32.59,-39.274,0.76462
32.599,-39.267,0.77292
32.609,-39.261,0.78041
32.619,-39.254,0.78705
32.63,-39.247,0.79283
32.64,-39.24,0.7977
32.651,-39.232,0.80165
32.663,-39.225,0.80465
32.674,-39.217,0.8067
32.686,-39.209,0.80778
32.697,-39.201,0.80789
32.709,-39.194,0.80702
32.721,-39.186,0.80518
32.732,-39.178,0.80239
32.743,-39.171,0.79864
32.754,-39.164,0.79397
32.765,-39.157,0.78839
32.775,-39.15,0.78194
32.785,-39.144,0.77463
32.795,-39.137,0.7665
32.804,-39.131,0.75762
32.812,-39.126,0.74799
32.82,-39.121,0.7377
32.828,-39.116,0.72676
32.834,-39.112,0.71525
32.84,-39.108,0.70321
32.845,-39.105,0.69072
32.85,-39.102,0.67781
32.854,-39.1,0.66457
32.857,-39.098,0.65105
32.859,-39.097,0.63733
32.86,-39.096,0.62346
32.861,-39.096,0.60951
32.861,-39.096,0.59556
32.86,-39.097,0.58167
32.858,-39.099,0.5679
32.855,-39.101,0.55433
32.852,-39.103,0.54102
32.848,-39.106,0.52804
32.843,-39.11,0.51545
32.837,-39.114,0.50331
32.831,-39.118,0.49168
32.824,-39.123,0.48061
32.816,-39.128,0.47017
32.808,-39.134,0.4604
32.799,-39.14,0.45135
32.79,-39.146,0.44305
32.78,-39.153,0.43556
32.77,-39.16,0.42892
32.76,-39.167,0.42314
32.749,-39.174,0.41827
32.738,-39.182,0.41432
32.726,-39.189,0.41132
32.715,-39.197,0.40927
32.703,-39.205,0.40818
32.692,-39.212,0.40808
32.68,-39.22,0.40895
32.668,-39.228,0.41079
32.657,-39.235,0.41358
32.646,-39.243,0.41733
32.635,-39.25,0.422
32.624,-39.257,0.42758
32.614,-39.264,0.43403
32.604,-39.27,0.44134
32.594,-39.276,0.44947
32.585,-39.282,0.45835
32.577,-39.288,0.46798
32.569,-39.293,0.47827
32.562,-39.297,0.48921
32.555,-39.302,0.50072
32.549,-39.305,0.51276
32.544,-39.309,0.52525
32.539,-39.311,0.53816
32.535,-39.314,0.5514
32.532,-39.316,0.56491
32.53,-39.317,0.57864
32.529,-39.317,0.59251
32.528,-39.318,0.60646
32.528,-39.318,0.60646
32.528,-39.317,0.62041
32.529,-39.316,0.6343
32.531,-39.315,0.64807
32.534,-39.313,0.66164
32.537,-39.31,0.67494
32.541,-39.307,0.68793
32.546,-39.304,0.70052
32.552,-39.3,0.71266
32.558,-39.296,0.72429
32.565,-39.291,0.73536
32.573,-39.285,0.7458
32.581,-39.28,0.75557
32.59,-39.274,0.76462
32.599,-39.267,0.77292
32.609,-39.261,0.78041
32.619,-39.254,0.78705
32.63,-39.247,0.79283
32.64,-39.24,0.7977
32.651,-39.232,0.80165
32.663,-39.225,0.80465
32.674,-39.217,0.8067
32.686,-39.209,0.80778
32.697,-39.201,0.80789
32.709,-39.194,0.80702
32.721,-39.186,0.80518
32.732,-39.178,0.80239
32.743,-39.171,0.79864
32.754,-39.164,0.79397
32.765,-39.157,0.78839
32.775,-39.15,0.78194
32.785,-39.144,0.77463
32.795,-39.137,0.7665
32.804,-39.131,0.75762
32.812,-39.126,0.74799
32.82,-39.121,0.7377
32.828,-39.116,0.72676
32.834,-39.112,0.71525
32.84,-39.108,0.70321
32.845,-39.105,0.69072
32.85,-39.102,0.67781
32.854,-39.1,0.66457
32.857,-39.098,0.65105
32.859,-39.097,0.63733
32.86,-39.096,0.62346
32.861,-39.096,0.60951
32.861,-39.096,0.59556
32.86,-39.097,0.58167
32.858,-39.099,0.5679
32.855,-39.101,0.55433
32.852,-39.103,0.54102
32.848,-39.106,0.52804
32.843,-39.11,0.51545
32.837,-39.114,0.50331
32.831,-39.118,0.49168
32.824,-39.123,0.48061
32.816,-39.128,0.47017
32.808,-39.134,0.4604
32.799,-39.14,0.45135
32.79,-39.146,0.44305
32.78,-39.153,0.43556
32.77,-39.16,0.42892
32.76,-39.167,0.42314
32.749,-39.174,0.41827
32.738,-39.182,0.41432
32.726,-39.189,0.41132
32.715,-39.197,0.40927
32.703,-39.205,0.40818
32.692,-39.212,0.40808
32.68,-39.22,0.40895
32.668,-39.228,0.41079
32.657,-39.235,0.41358
32.646,-39.243,0.41733
32.635,-39.25,0.422
32.624,-39.257,0.42758
32.614,-39.264,0.43403
32.604,-39.27,0.44134
32.594,-39.276,0.44947
32.585,-39.282,0.45835
32.577,-39.288,0.46798
32.569,-39.293,0.47827
32.562,-39.297,0.48921
32.555,-39.302,0.50072
32.549,-39.305,0.51276
32.544,-39.309,0.52525
32.539,-39.311,0.53816
32.535,-39.314,0.5514
32.532,-39.316,0.56491
32.53,-39.317,0.57864
32.529,-39.317,0.59251
32.528,-39.318,0.60646
32.485,-39.226,0.60513
32.486,-39.226,0.61801
32.487,-39.225,0.63083
32.488,-39.223,0.64354
32.491,-39.222,0.65607
32.494,-39.219,0.66835
32.498,-39.216,0.68033
32.502,-39.213,0.69196
32.507,-39.21,0.70316
32.513,-39.205,0.7139
32.52,-39.201,0.72411
32.527,-39.196,0.73375
32.534,-39.191,0.74278
32.542,-39.185,0.75113
32.551,-39.18,0.75878
32.56,-39.173,0.76569
32.569,-39.167,0.77183
32.579,-39.161,0.77716
32.589,-39.154,0.78166
32.599,-39.147,0.78531
32.61,-39.14,0.78808
32.62,-39.133,0.78997
32.631,-39.126,0.79097
32.642,-39.119,0.79106
32.653,-39.111,0.79026
32.663,-39.104,0.78857
32.674,-39.097,0.78599
32.684,-39.091,0.78253
32.694,-39.084,0.77822
32.704,-39.077,0.77307
32.714,-39.071,0.7671
32.723,-39.065,0.76036
32.732,-39.059,0.75287
32.74,-39.054,0.74467
32.748,-39.049,0.73578
32.755,-39.044,0.72627
32.762,-39.04,0.71618
32.768,-39.036,0.70555
32.774,-39.033,0.69445
32.778,-39.03,0.68291
32.783,-39.027,0.671
32.786,-39.025,0.65878
32.789,-39.023,0.6463
32.791,-39.022,0.63363
32.792,-39.021,0.62082
32.793,-39.021,0.60795
32.793,-39.022,0.59507
32.792,-39.022,0.58225
32.79,-39.024,0.56954
32.788,-39.026,0.55702
32.784,-39.028,0.54473
32.781,-39.031,0.53275
32.776,-39.034,0.52112
32.771,-39.038,0.50992
32.765,-39.042,0.49919
32.759,-39.046,0.48897
32.752,-39.051,0.47933
32.744,-39.056,0.4703
32.736,-39.062,0.46195
32.727,-39.068,0.4543
32.718,-39.074,0.44739
32.709,-39.08,0.44125
32.699,-39.087,0.43592
32.689,-39.093,0.43142
32.679,-39.1,0.42778
32.668,-39.107,0.425
32.658,-39.114,0.42311
32.647,-39.121,0.42211
32.636,-39.129,0.42202
32.626,-39.136,0.42282
32.615,-39.143,0.42451
32.605,-39.15,0.42709
32.594,-39.157,0.43055
32.584,-39.163,0.43487
32.574,-39.17,0.44001
32.565,-39.176,0.44598
32.555,-39.182,0.45272
32.547,-39.188,0.46021
32.538,-39.193,0.46842
32.53,-39.198,0.4773
32.523,-39.203,0.48681
32.516,-39.207,0.4969
32.51,-39.211,0.50753
32.505,-39.215,0.51864
32.5,-39.218,0.53017
32.496,-39.22,0.54208
32.492,-39.222,0.55431
32.489,-39.224,0.56678
32.487,-39.225,0.57945
32.486,-39.226,0.59226
32.485,-39.226,0.60513
32.443,-39.134,0.6038
32.443,-39.134,0.61561
32.444,-39.133,0.62737
32.445,-39.132,0.63901
32.448,-39.13,0.65049
32.451,-39.128,0.66175
32.454,-39.125,0.67274
32.458,-39.123,0.68339
32.463,-39.119,0.69367
32.468,-39.115,0.70351
32.474,-39.111,0.71287
32.481,-39.107,0.72171
32.488,-39.102,0.72997
32.495,-39.097,0.73764
32.503,-39.092,0.74465
32.511,-39.086,0.75099
32.52,-39.08,0.75661
32.529,-39.074,0.7615
32.538,-39.068,0.76563
32.547,-39.062,0.76896
32.557,-39.055,0.77151
32.567,-39.049,0.77324
32.576,-39.042,0.77416
32.586,-39.036,0.77425
32.596,-39.029,0.77351
32.606,-39.023,0.77196
32.615,-39.016,0.76959
32.625,-39.01,0.76642
32.634,-39.004,0.76247
32.643,-38.998,0.75774
32.652,-38.992,0.75228
32.661,-38.987,0.7461
32.669,-38.982,0.73923
32.676,-38.977,0.7317
32.683,-38.972,0.72357
32.69,-38.968,0.71485
32.696,-38.964,0.7056
32.702,-38.96,0.69586
32.707,-38.957,0.68567
32.711,-38.954,0.6751
32.715,-38.952,0.66418
32.718,-38.95,0.65298
32.721,-38.948,0.64154
32.723,-38.947,0.62992
32.724,-38.947,0.61819
32.725,-38.947,0.60639
32.724,-38.947,0.59458
32.724,-38.948,0.58283
32.722,-38.949,0.57118
32.72,-38.951,0.5597
32.717,-38.953,0.54844
32.713,-38.955,0.53745
32.709,-38.958,0.5268
32.705,-38.962,0.51652
32.699,-38.965,0.50668
32.693,-38.969,0.49732
32.687,-38.974,0.48848
32.68,-38.979,0.48022
32.672,-38.984,0.47255
32.665,-38.989,0.46554
32.656,-38.995,0.4592
32.648,-39,0.45358
32.639,-39.006,0.44869
32.63,-39.013,0.44457
32.62,-39.019,0.44123
32.611,-39.025,0.43868
32.601,-39.032,0.43695
32.591,-39.038,0.43603
32.581,-39.045,0.43594
32.571,-39.051,0.43668
32.562,-39.058,0.43823
32.552,-39.064,0.44061
32.543,-39.071,0.44377
32.533,-39.077,0.44772
32.524,-39.083,0.45245
32.515,-39.088,0.45791
32.507,-39.094,0.46409
32.499,-39.099,0.47096
32.491,-39.104,0.47849
32.484,-39.109,0.48662
32.477,-39.113,0.49534
32.471,-39.117,0.50459
32.466,-39.121,0.51433
32.461,-39.124,0.52452
32.456,-39.127,0.53509
32.452,-39.129,0.54601
32.449,-39.131,0.55721
32.446,-39.132,0.56865
32.445,-39.133,0.58027
32.443,-39.134,0.592
32.443,-39.134,0.6038
32.4,-39.042,0.60248
32.4,-39.042,0.61321
32.401,-39.041,0.6239
32.403,-39.04,0.63448
32.405,-39.039,0.64492
32.407,-39.037,0.65516
32.41,-39.034,0.66514
32.414,-39.032,0.67483
32.419,-39.029,0.68417
32.423,-39.025,0.69312
32.429,-39.022,0.70163
32.435,-39.018,0.70966
32.441,-39.013,0.71718
32.448,-39.009,0.72414
32.455,-39.004,0.73052
32.462,-38.999,0.73628
32.47,-38.993,0.7414
32.478,-38.988,0.74583
32.487,-38.982,0.74959
32.495,-38.977,0.75263
32.504,-38.971,0.75494
32.513,-38.965,0.75651
32.522,-38.959,0.75734
32.531,-38.953,0.75742
32.54,-38.947,0.75675
32.548,-38.941,0.75534
32.557,-38.935,0.7532
32.566,-38.93,0.75031
32.574,-38.924,0.74671
32.583,-38.919,0.74243
32.59,-38.913,0.73745
32.598,-38.908,0.73183
32.605,-38.904,0.72559
32.612,-38.899,0.71875
32.619,-38.895,0.71135
32.625,-38.891,0.70343
32.631,-38.887,0.69502
32.636,-38.884,0.68616
32.64,-38.881,0.6769
32.644,-38.879,0.66729
32.648,-38.877,0.65737
32.651,-38.875,0.64718
32.653,-38.873,0.63678
32.655,-38.873,0.62622
32.656,-38.872,0.61555
32.656,-38.872,0.60483
32.656,-38.872,0.59409
32.655,-38.873,0.58341
32.654,-38.874,0.57282
32.652,-38.875,0.56238
32.649,-38.877,0.55214
32.646,-38.88,0.54216
32.642,-38.882,0.53247
32.638,-38.885,0.52313
32.633,-38.889,0.51418
32.628,-38.893,0.50567
32.622,-38.897,0.49764
32.616,-38.901,0.49012
32.609,-38.906,0.48316
32.602,-38.91,0.47679
32.594,-38.916,0.47103
32.586,-38.921,0.4659
32.578,-38.926,0.46147
32.57,-38.932,0.45771
32.561,-38.938,0.45468
32.553,-38.943,0.45237
32.544,-38.949,0.45079
32.535,-38.955,0.44996
32.526,-38.961,0.44988
32.517,-38.967,0.45055
32.508,-38.973,0.45196
32.5,-38.979,0.45411
32.491,-38.985,0.45699
32.482,-38.99,0.46059
32.474,-38.996,0.46487
32.466,-39.001,0.46985
32.459,-39.006,0.47547
32.451,-39.011,0.48171
32.444,-39.015,0.48855
32.438,-39.019,0.49595
32.432,-39.023,0.50387
32.426,-39.027,0.51228
32.421,-39.03,0.52114
32.416,-39.033,0.5304
32.412,-39.035,0.54001
32.409,-39.038,0.54994
32.406,-39.039,0.56012
32.404,-39.041,0.57052
32.402,-39.042,0.58108
32.401,-39.042,0.59175
32.4,-39.042,0.60248
32.358,-38.951,0.60115
32.358,-38.95,0.61081
32.359,-38.95,0.62043
32.36,-38.949,0.62996
32.362,-38.947,0.63935
32.364,-38.946,0.64856
32.367,-38.944,0.65755
32.37,-38.941,0.66627
32.374,-38.938,0.67467
32.379,-38.935,0.68273
32.383,-38.932,0.69039
32.389,-38.928,0.69762
32.394,-38.924,0.70439
32.4,-38.92,0.71065
32.407,-38.916,0.71639
32.414,-38.911,0.72157
32.421,-38.907,0.72618
32.428,-38.902,0.73017
32.435,-38.897,0.73354
32.443,-38.891,0.73628
32.451,-38.886,0.73836
32.459,-38.881,0.73978
32.467,-38.875,0.74053
32.475,-38.87,0.74061
32.483,-38.865,0.74
32.491,-38.859,0.73873
32.499,-38.854,0.73679
32.507,-38.849,0.7342
32.514,-38.844,0.73097
32.522,-38.839,0.7271
32.529,-38.835,0.72263
32.536,-38.83,0.71757
32.542,-38.826,0.71195
32.549,-38.822,0.7058
32.554,-38.818,0.69914
32.56,-38.814,0.69201
32.565,-38.811,0.68444
32.57,-38.808,0.67647
32.574,-38.806,0.66814
32.577,-38.803,0.65948
32.581,-38.801,0.65055
32.583,-38.8,0.64138
32.585,-38.799,0.63202
32.587,-38.798,0.62252
32.588,-38.797,0.61292
32.588,-38.797,0.60326
32.588,-38.797,0.5936
32.587,-38.798,0.58399
32.586,-38.799,0.57446
32.584,-38.8,0.56506
32.582,-38.802,0.55585
32.579,-38.804,0.54686
32.576,-38.807,0.53814
32.572,-38.809,0.52974
32.567,-38.812,0.52169
32.563,-38.816,0.51403
32.557,-38.819,0.5068
32.552,-38.823,0.50003
32.545,-38.827,0.49376
32.539,-38.832,0.48802
32.532,-38.836,0.48284
32.525,-38.841,0.47824
32.518,-38.846,0.47424
32.51,-38.851,0.47087
32.503,-38.856,0.46813
32.495,-38.862,0.46605
32.487,-38.867,0.46464
32.479,-38.872,0.46388
32.471,-38.878,0.46381
32.463,-38.883,0.46441
32.455,-38.888,0.46568
32.447,-38.893,0.46762
32.439,-38.899,0.47022
32.432,-38.904,0.47345
32.424,-38.908,0.47731
32.417,-38.913,0.48178
32.41,-38.918,0.48684
32.404,-38.922,0.49246
32.397,-38.926,0.49861
32.391,-38.93,0.50528
32.386,-38.933,0.51241
32.381,-38.937,0.51998
32.376,-38.94,0.52795
32.372,-38.942,0.53628
32.368,-38.944,0.54493
32.365,-38.946,0.55386
32.363,-38.948,0.56303
32.361,-38.949,0.57239
32.359,-38.95,0.58189
32.358,-38.95,0.59149
32.358,-38.951,0.60115
32.315,-38.859,0.59982
32.315,-38.859,0.60841
32.316,-38.858,0.61696
32.317,-38.857,0.62543
32.319,-38.856,0.63378
32.321,-38.854,0.64197
32.323,-38.853,0.64996
32.326,-38.85,0.65771
32.33,-38.848,0.66518
32.334,-38.845,0.67234
32.338,-38.842,0.67914
32.343,-38.839,0.68557
32.348,-38.836,0.69159
32.353,-38.832,0.69716
32.359,-38.828,0.70226
32.365,-38.824,0.70687
32.371,-38.82,0.71096
32.378,-38.815,0.7145
32.384,-38.811,0.71751
32.391,-38.806,0.71994
32.398,-38.802,0.72179
32.405,-38.797,0.72305
32.412,-38.792,0.72371
32.419,-38.787,0.72378
32.426,-38.783,0.72324
32.434,-38.778,0.72212
32.441,-38.773,0.72039
32.448,-38.769,0.71809
32.454,-38.764,0.71521
32.461,-38.76,0.71178
32.467,-38.756,0.70781
32.473,-38.752,0.70331
32.479,-38.748,0.69831
32.485,-38.744,0.69284
32.49,-38.741,0.68692
32.495,-38.738,0.68058
32.499,-38.735,0.67386
32.503,-38.732,0.66677
32.507,-38.73,0.65937
32.51,-38.728,0.65167
32.513,-38.726,0.64373
32.516,-38.725,0.63559
32.517,-38.724,0.62727
32.519,-38.723,0.61882
32.52,-38.723,0.61028
32.52,-38.722,0.6017
32.52,-38.723,0.59312
32.519,-38.723,0.58457
32.518,-38.724,0.5761
32.517,-38.725,0.56774
32.514,-38.727,0.55956
32.512,-38.729,0.55157
32.509,-38.731,0.54382
32.505,-38.733,0.53635
32.501,-38.736,0.52919
32.497,-38.739,0.52238
32.492,-38.742,0.51595
32.487,-38.746,0.50994
32.482,-38.749,0.50437
32.476,-38.753,0.49926
32.47,-38.757,0.49466
32.464,-38.762,0.49057
32.458,-38.766,0.48702
32.451,-38.77,0.48402
32.444,-38.775,0.48159
32.437,-38.78,0.47973
32.43,-38.784,0.47848
32.423,-38.789,0.47781
32.416,-38.794,0.47775
32.409,-38.799,0.47828
32.401,-38.803,0.47941
32.394,-38.808,0.48113
32.388,-38.813,0.48344
32.381,-38.817,0.48632
32.374,-38.821,0.48975
32.368,-38.826,0.49372
32.362,-38.83,0.49821
32.356,-38.833,0.50321
32.35,-38.837,0.50868
32.345,-38.84,0.5146
32.34,-38.843,0.52094
32.336,-38.846,0.52767
32.332,-38.849,0.53475
32.328,-38.851,0.54216
32.325,-38.853,0.54985
32.322,-38.855,0.55779
32.32,-38.856,0.56594
32.318,-38.858,0.57426
32.316,-38.858,0.5827
32.315,-38.859,0.59124
32.315,-38.859,0.59982
32.273,-38.767,0.5985
32.273,-38.767,0.60601
32.273,-38.766,0.61349
32.274,-38.766,0.6209
32.276,-38.765,0.62821
32.277,-38.763,0.63537
32.28,-38.762,0.64236
32.282,-38.76,0.64914
32.285,-38.758,0.65568
32.289,-38.755,0.66194
32.292,-38.753,0.6679
32.297,-38.75,0.67353
32.301,-38.747,0.67879
32.306,-38.743,0.68366
32.311,-38.74,0.68813
32.316,-38.736,0.69216
32.321,-38.733,0.69574
32.327,-38.729,0.69885
32.333,-38.725,0.70147
32.339,-38.721,0.70359
32.345,-38.717,0.70522
32.351,-38.713,0.70632
32.357,-38.709,0.7069
32.364,-38.704,0.70696
32.37,-38.7,0.70649
32.376,-38.696,0.70551
32.382,-38.692,0.70399
32.388,-38.688,0.70198
32.394,-38.684,0.69946
32.4,-38.68,0.69646
32.406,-38.677,0.69298
32.411,-38.673,0.68905
32.416,-38.67,0.68468
32.421,-38.667,0.67989
32.426,-38.664,0.67471
32.43,-38.661,0.66916
32.434,-38.659,0.66327
32.437,-38.656,0.65708
32.441,-38.654,0.65059
32.443,-38.653,0.64386
32.446,-38.651,0.63692
32.448,-38.65,0.62979
32.45,-38.649,0.62251
32.451,-38.648,0.61512
32.451,-38.648,0.60765
32.452,-38.648,0.60014
32.452,-38.648,0.59263
32.451,-38.648,0.58515
32.45,-38.649,0.57773
32.449,-38.65,0.57043
32.447,-38.652,0.56326
32.445,-38.653,0.55627
32.442,-38.655,0.54949
32.439,-38.657,0.54295
32.436,-38.66,0.53669
32.432,-38.662,0.53073
32.428,-38.665,0.52511
32.423,-38.668,0.51985
32.419,-38.671,0.51497
32.414,-38.675,0.51051
32.408,-38.678,0.50648
32.403,-38.682,0.5029
32.397,-38.686,0.49979
32.391,-38.69,0.49717
32.385,-38.694,0.49504
32.379,-38.698,0.49341
32.373,-38.702,0.49232
32.367,-38.706,0.49173
32.361,-38.71,0.49167
32.354,-38.714,0.49215
32.348,-38.719,0.49313
32.342,-38.723,0.49464
32.336,-38.727,0.49666
32.33,-38.731,0.49917
32.324,-38.734,0.50218
32.319,-38.738,0.50565
32.313,-38.741,0.50959
32.308,-38.745,0.51396
32.303,-38.748,0.51875
32.299,-38.751,0.52393
32.294,-38.754,0.52947
32.291,-38.756,0.53536
32.287,-38.758,0.54156
32.284,-38.76,0.54804
32.281,-38.762,0.55477
32.278,-38.764,0.56172
32.276,-38.765,0.56885
32.275,-38.766,0.57613
32.274,-38.767,0.58352
32.273,-38.767,0.59099
32.273,-38.767,0.5985
32.23,-38.675,0.59717
32.23,-38.675,0.60361
32.23,-38.675,0.61002
32.231,-38.674,0.61637
32.233,-38.673,0.62264
32.234,-38.672,0.62878
32.236,-38.671,0.63477
32.238,-38.669,0.64058
32.241,-38.667,0.64618
32.244,-38.665,0.65155
32.247,-38.663,0.65666
32.251,-38.66,0.66148
32.254,-38.658,0.66599
32.258,-38.655,0.67017
32.263,-38.652,0.674
32.267,-38.649,0.67745
32.272,-38.646,0.68052
32.277,-38.643,0.68318
32.282,-38.639,0.68543
32.287,-38.636,0.68726
32.292,-38.632,0.68864
32.297,-38.629,0.68959
32.303,-38.625,0.69009
32.308,-38.622,0.69014
32.313,-38.618,0.68974
32.319,-38.615,0.68889
32.324,-38.611,0.6876
32.329,-38.608,0.68587
32.334,-38.604,0.68371
32.339,-38.601,0.68114
32.344,-38.598,0.67816
32.349,-38.595,0.67478
32.353,-38.592,0.67104
32.357,-38.589,0.66693
32.361,-38.587,0.66249
32.365,-38.584,0.65774
32.368,-38.582,0.65269
32.371,-38.58,0.64738
32.374,-38.579,0.64183
32.376,-38.577,0.63606
32.378,-38.576,0.6301
32.38,-38.575,0.62399
32.382,-38.574,0.61775
32.383,-38.573,0.61142
32.383,-38.573,0.60501
32.384,-38.573,0.59858
32.383,-38.573,0.59214
32.383,-38.574,0.58573
32.382,-38.574,0.57937
32.381,-38.575,0.57311
32.379,-38.576,0.56697
32.377,-38.578,0.56098
32.375,-38.579,0.55517
32.373,-38.581,0.54956
32.37,-38.583,0.54419
32.366,-38.585,0.53909
32.363,-38.588,0.53427
32.359,-38.59,0.52976
32.355,-38.593,0.52558
32.351,-38.596,0.52175
32.346,-38.599,0.5183
32.342,-38.602,0.51523
32.337,-38.606,0.51256
32.332,-38.609,0.51031
32.327,-38.612,0.50849
32.321,-38.616,0.5071
32.316,-38.62,0.50616
32.311,-38.623,0.50566
32.305,-38.627,0.50561
32.3,-38.63,0.50601
32.295,-38.634,0.50686
32.289,-38.637,0.50815
32.284,-38.641,0.50988
32.279,-38.644,0.51203
32.274,-38.647,0.51461
32.269,-38.65,0.51759
32.265,-38.653,0.52096
32.26,-38.656,0.52471
32.256,-38.659,0.52881
32.252,-38.661,0.53325
32.249,-38.664,0.53801
32.245,-38.666,0.54305
32.242,-38.668,0.54837
32.24,-38.67,0.55392
32.237,-38.671,0.55969
32.235,-38.672,0.56564
32.233,-38.674,0.57176
32.232,-38.674,0.57799
32.231,-38.675,0.58433
32.23,-38.675,0.59073
32.23,-38.675,0.59717
32.187,-38.584,0.59584
32.187,-38.583,0.60121
32.188,-38.583,0.60655
32.188,-38.582,0.61184
32.189,-38.582,0.61706
32.191,-38.581,0.62218
32.192,-38.58,0.62717
32.194,-38.578,0.63202
32.196,-38.577,0.63669
32.199,-38.575,0.64116
32.202,-38.573,0.64542
32.205,-38.571,0.64943
32.208,-38.569,0.65319
32.211,-38.567,0.65667
32.215,-38.564,0.65986
32.218,-38.562,0.66274
32.222,-38.559,0.6653
32.226,-38.556,0.66752
32.231,-38.554,0.6694
32.235,-38.551,0.67091
32.239,-38.548,0.67207
32.244,-38.545,0.67286
32.248,-38.542,0.67327
32.252,-38.539,0.67331
32.257,-38.536,0.67298
32.261,-38.533,0.67227
32.266,-38.53,0.6712
32.27,-38.527,0.66976
32.274,-38.524,0.66796
32.278,-38.522,0.66581
32.282,-38.519,0.66333
32.286,-38.517,0.66052
32.29,-38.514,0.6574
32.293,-38.512,0.65398
32.297,-38.51,0.65028
32.3,-38.508,0.64632
32.302,-38.506,0.64211
32.305,-38.504,0.63768
32.307,-38.503,0.63306
32.309,-38.502,0.62825
32.311,-38.501,0.62329
32.313,-38.5,0.61819
32.314,-38.499,0.61299
32.315,-38.499,0.60771
32.315,-38.498,0.60238
32.315,-38.498,0.59702
32.315,-38.498,0.59165
32.315,-38.499,0.58631
32.314,-38.499,0.58101
32.313,-38.5,0.57579
32.312,-38.501,0.57067
32.31,-38.502,0.56568
32.308,-38.504,0.56084
32.306,-38.505,0.55617
32.304,-38.507,0.5517
32.301,-38.509,0.54744
32.298,-38.511,0.54342
32.295,-38.513,0.53966
32.292,-38.515,0.53618
32.288,-38.518,0.53299
32.284,-38.52,0.53011
32.28,-38.523,0.52756
32.276,-38.525,0.52534
32.272,-38.528,0.52346
32.268,-38.531,0.52194
32.264,-38.534,0.52079
32.259,-38.537,0.52
32.255,-38.54,0.51958
32.25,-38.543,0.51954
32.246,-38.546,0.51988
32.241,-38.549,0.52058
32.237,-38.552,0.52166
32.233,-38.555,0.5231
32.228,-38.557,0.5249
32.224,-38.56,0.52704
32.22,-38.563,0.52953
32.216,-38.565,0.53234
32.213,-38.568,0.53546
32.209,-38.57,0.53888
32.206,-38.572,0.54258
32.203,-38.574,0.54654
32.2,-38.576,0.55075
32.198,-38.577,0.55517
32.195,-38.579,0.5598
32.193,-38.58,0.56461
32.192,-38.581,0.56957
32.19,-38.582,0.57466
32.189,-38.583,0.57986
32.188,-38.583,0.58514
32.188,-38.583,0.59048
32.187,-38.584,0.59584
32.145,-38.492,0.59451
32.145,-38.492,0.59881
32.145,-38.491,0.60308
32.146,-38.491,0.60732
32.146,-38.49,0.61149
32.148,-38.49,0.61559
32.149,-38.489,0.61958
32.15,-38.488,0.62346
32.152,-38.486,0.62719
32.154,-38.485,0.63077
32.156,-38.483,0.63417
32.158,-38.482,0.63739
32.161,-38.48,0.6404
32.164,-38.478,0.64318
32.167,-38.476,0.64573
32.17,-38.474,0.64804
32.173,-38.472,0.65008
32.176,-38.47,0.65186
32.179,-38.468,0.65336
32.183,-38.465,0.65457
32.186,-38.463,0.6555
32.19,-38.461,0.65613
32.193,-38.458,0.65646
32.197,-38.456,0.65649
32.2,-38.454,0.65623
32.204,-38.451,0.65566
32.207,-38.449,0.6548
32.211,-38.447,0.65365
32.214,-38.444,0.65221
32.218,-38.442,0.65049
32.221,-38.44,0.64851
32.224,-38.438,0.64626
32.227,-38.436,0.64376
32.23,-38.434,0.64102
32.232,-38.433,0.63806
32.235,-38.431,0.63489
32.237,-38.43,0.63153
32.239,-38.428,0.62799
32.241,-38.427,0.62429
32.242,-38.426,0.62044
32.244,-38.425,0.61647
32.245,-38.425,0.6124
32.246,-38.424,0.60824
32.247,-38.424,0.60401
32.247,-38.424,0.59974
32.247,-38.424,0.59545
32.247,-38.424,0.59116
32.247,-38.424,0.58689
32.246,-38.424,0.58265
32.245,-38.425,0.57848
32.244,-38.426,0.57438
32.243,-38.427,0.57039
32.242,-38.428,0.56651
32.24,-38.429,0.56278
32.238,-38.43,0.5592
32.236,-38.432,0.55579
32.233,-38.433,0.55258
32.231,-38.435,0.54957
32.228,-38.437,0.54679
32.225,-38.439,0.54424
32.222,-38.441,0.54193
32.219,-38.443,0.53989
32.216,-38.445,0.53811
32.213,-38.448,0.53661
32.209,-38.45,0.53539
32.206,-38.452,0.53447
32.202,-38.455,0.53384
32.199,-38.457,0.53351
32.195,-38.459,0.53347
32.191,-38.462,0.53374
32.188,-38.464,0.53431
32.184,-38.466,0.53517
32.181,-38.469,0.53632
32.178,-38.471,0.53776
32.174,-38.473,0.53948
32.171,-38.475,0.54146
32.168,-38.477,0.54371
32.165,-38.479,0.54621
32.162,-38.481,0.54894
32.16,-38.483,0.5519
32.157,-38.484,0.55507
32.155,-38.486,0.55844
32.153,-38.487,0.56198
32.151,-38.488,0.56568
32.15,-38.489,0.56953
32.148,-38.49,0.5735
32.147,-38.491,0.57757
32.146,-38.491,0.58173
32.145,-38.492,0.58596
32.145,-38.492,0.59022
32.145,-38.492,0.59451
32.102,-38.4,0.59319
32.102,-38.4,0.59641
32.102,-38.4,0.59961
32.103,-38.399,0.60279
32.103,-38.399,0.60592
32.104,-38.398,0.60899
32.105,-38.398,0.61199
32.106,-38.397,0.61489
32.108,-38.396,0.6177
32.109,-38.395,0.62038
32.111,-38.394,0.62293
32.112,-38.393,0.62534
32.114,-38.391,0.6276
32.116,-38.39,0.62969
32.119,-38.388,0.6316
32.121,-38.387,0.63333
32.123,-38.385,0.63486
32.126,-38.384,0.63619
32.128,-38.382,0.63732
32.131,-38.38,0.63823
32.133,-38.379,0.63893
32.136,-38.377,0.6394
32.139,-38.375,0.63965
32.141,-38.373,0.63967
32.144,-38.371,0.63947
32.147,-38.37,0.63905
32.149,-38.368,0.6384
32.152,-38.366,0.63754
32.154,-38.365,0.63646
32.157,-38.363,0.63517
32.159,-38.361,0.63368
32.161,-38.36,0.63199
32.164,-38.358,0.63012
32.166,-38.357,0.62807
32.168,-38.356,0.62585
32.17,-38.355,0.62347
32.171,-38.354,0.62095
32.173,-38.353,0.61829
32.174,-38.352,0.61552
32.175,-38.351,0.61263
32.176,-38.35,0.60965
32.177,-38.35,0.6066
32.178,-38.349,0.60348
32.178,-38.349,0.60031
32.179,-38.349,0.59711
32.179,-38.349,0.59389
32.179,-38.349,0.59067
32.179,-38.349,0.58747
32.178,-38.349,0.58429
32.178,-38.35,0.58116
32.177,-38.351,0.57809
32.176,-38.351,0.57509
32.175,-38.352,0.57219
32.173,-38.353,0.56938
32.172,-38.354,0.5667
32.17,-38.355,0.56415
32.169,-38.356,0.56174
32.167,-38.358,0.55948
32.165,-38.359,0.55739
32.163,-38.36,0.55548
32.16,-38.362,0.55375
32.158,-38.364,0.55222
32.156,-38.365,0.55088
32.153,-38.367,0.54976
32.15,-38.369,0.54885
32.148,-38.37,0.54815
32.145,-38.372,0.54768
32.143,-38.374,0.54743
32.14,-38.376,0.54741
32.137,-38.377,0.54761
32.135,-38.379,0.54803
32.132,-38.381,0.54868
32.129,-38.383,0.54954
32.127,-38.384,0.55062
32.124,-38.386,0.55191
32.122,-38.388,0.5534
32.12,-38.389,0.55508
32.117,-38.39,0.55696
32.115,-38.392,0.55901
32.113,-38.393,0.56123
32.112,-38.394,0.56361
32.11,-38.395,0.56613
32.108,-38.396,0.56879
32.107,-38.397,0.57156
32.106,-38.398,0.57445
32.105,-38.399,0.57742
32.104,-38.399,0.58048
32.103,-38.4,0.5836
32.103,-38.4,0.58677
32.102,-38.4,0.58997
32.102,-38.4,0.59319
32.06,-38.308,0.59186
32.06,-38.308,0.59401
32.06,-38.308,0.59614
32.06,-38.308,0.59826
32.06,-38.308,0.60035
32.061,-38.307,0.6024
32.062,-38.307,0.60439
32.062,-38.306,0.60633
32.063,-38.306,0.6082
32.064,-38.305,0.60999
32.065,-38.304,0.61169
32.066,-38.303,0.6133
32.068,-38.302,0.6148
32.069,-38.302,0.61619
32.07,-38.301,0.61747
32.072,-38.3,0.61862
32.074,-38.298,0.61964
32.075,-38.297,0.62053
32.077,-38.296,0.62128
32.079,-38.295,0.62189
32.08,-38.294,0.62235
32.082,-38.293,0.62267
32.084,-38.292,0.62283
32.086,-38.29,0.62285
32.087,-38.289,0.62272
32.089,-38.288,0.62243
32.091,-38.287,0.622
32.093,-38.286,0.62143
32.094,-38.285,0.62071
32.096,-38.284,0.61985
32.098,-38.282,0.61886
32.099,-38.281,0.61773
32.101,-38.281,0.61648
32.102,-38.28,0.61512
32.103,-38.279,0.61364
32.104,-38.278,0.61205
32.106,-38.277,0.61037
32.107,-38.277,0.6086
32.108,-38.276,0.60675
32.108,-38.276,0.60482
32.109,-38.275,0.60284
32.11,-38.275,0.6008
32.11,-38.274,0.59872
32.11,-38.274,0.59661
32.111,-38.274,0.59448
32.111,-38.274,0.59233
32.111,-38.274,0.59018
32.111,-38.274,0.58805
32.11,-38.275,0.58593
32.11,-38.275,0.58384
32.109,-38.275,0.58179
32.109,-38.276,0.5798
32.108,-38.276,0.57786
32.107,-38.277,0.57599
32.106,-38.278,0.5742
32.105,-38.278,0.5725
32.104,-38.279,0.57089
32.103,-38.28,0.56939
32.101,-38.281,0.568
32.1,-38.282,0.56672
32.098,-38.283,0.56557
32.097,-38.284,0.56455
32.095,-38.285,0.56366
32.093,-38.286,0.56291
32.092,-38.287,0.5623
32.09,-38.288,0.56184
32.088,-38.29,0.56152
32.086,-38.291,0.56136
32.085,-38.292,0.56134
32.083,-38.293,0.56147
32.081,-38.294,0.56176
32.079,-38.296,0.56219
32.078,-38.297,0.56276
32.076,-38.298,0.56348
32.074,-38.299,0.56434
32.073,-38.3,0.56533
32.071,-38.301,0.56646
32.07,-38.302,0.56771
32.068,-38.303,0.56907
32.067,-38.304,0.57055
32.066,-38.304,0.57214
32.065,-38.305,0.57382
32.064,-38.306,0.57559
32.063,-38.306,0.57744
32.062,-38.307,0.57937
32.061,-38.307,0.58135
32.061,-38.308,0.58339
32.06,-38.308,0.58547
32.06,-38.308,0.58758
32.06,-38.308,0.58971
32.06,-38.308,0.59186
32.017,-38.216,0.59053
32.017,-38.216,0.59161
32.017,-38.216,0.59267
32.017,-38.216,0.59373
32.017,-38.216,0.59478
32.018,-38.216,0.5958
32.018,-38.216,0.5968
32.018,-38.215,0.59777
32.019,-38.215,0.5987
32.019,-38.215,0.5996
32.02,-38.214,0.60045
32.02,-38.214,0.60125
32.021,-38.214,0.602
32.022,-38.213,0.6027
32.022,-38.213,0.60334
32.023,-38.212,0.60391
32.024,-38.212,0.60442
32.025,-38.211,0.60487
32.026,-38.21,0.60524
32.026,-38.21,0.60555
32.027,-38.209,0.60578
32.028,-38.209,0.60594
32.029,-38.208,0.60602
32.03,-38.208,0.60603
32.031,-38.207,0.60596
32.032,-38.206,0.60582
32.033,-38.206,0.6056
32.033,-38.205,0.60532
32.034,-38.205,0.60496
32.035,-38.204,0.60453
32.036,-38.204,0.60403
32.037,-38.203,0.60347
32.037,-38.203,0.60284
32.038,-38.202,0.60216
32.039,-38.202,0.60142
32.039,-38.201,0.60063
32.04,-38.201,0.59979
32.04,-38.201,0.5989
32.041,-38.2,0.59798
32.041,-38.2,0.59701
32.042,-38.2,0.59602
32.042,-38.2,0.595
32.042,-38.2,0.59396
32.042,-38.199,0.59291
32.042,-38.199,0.59184
32.043,-38.199,0.59077
32.043,-38.199,0.58969
32.042,-38.2,0.58863
32.042,-38.2,0.58757
32.042,-38.2,0.58652
32.042,-38.2,0.5855
32.042,-38.2,0.5845
32.041,-38.2,0.58353
32.041,-38.201,0.5826
32.04,-38.201,0.5817
32.04,-38.202,0.58085
32.039,-38.202,0.58005
32.038,-38.202,0.5793
32.038,-38.203,0.5786
32.037,-38.203,0.57796
32.036,-38.204,0.57739
32.036,-38.204,0.57688
32.035,-38.205,0.57643
32.034,-38.205,0.57606
32.033,-38.206,0.57575
32.032,-38.207,0.57552
32.031,-38.207,0.57536
32.03,-38.208,0.57528
32.03,-38.208,0.57527
32.029,-38.209,0.57534
32.028,-38.21,0.57548
32.027,-38.21,0.5757
32.026,-38.211,0.57598
32.025,-38.211,0.57634
32.024,-38.212,0.57677
32.024,-38.212,0.57727
32.023,-38.213,0.57783
32.022,-38.213,0.57846
32.021,-38.214,0.57914
32.021,-38.214,0.57988
32.02,-38.215,0.58067
32.02,-38.215,0.58151
32.019,-38.215,0.5824
32.019,-38.216,0.58332
32.018,-38.216,0.58429
32.018,-38.216,0.58528
32.017,-38.216,0.5863
32.017,-38.216,0.58734
32.017,-38.216,0.58839
32.017,-38.216,0.58946
32.017,-38.216,0.59053
31.974,-38.125,0.58921
31.974,-38.125,0.58921
31.974,-38.125,0.58921
31.974,-38.125,0.58921
31.974,-38.125,0.58921
31.974,-38.125,0.58921
31.974,-38.125,0.58921
31.974,-38.125,0.58921
31.974,-38.125,0.58921
31.974,-38.125,0.58921
31.974,-38.125,0.58921
31.974,-38.125,0.58921
31.974,-38.125,0.58921
31.974,-38.125,0.58921
31.974,-38.125,0.58921
31.974,-38.125,0.58921
31.974,-38.125,0.58921
31.974,-38.125,0.58921
31.974,-38.125,0.58921
31.974,-38.125,0.58921
31.974,-38.125,0.58921
31.974,-38.125,0.58921
31.974,-38.125,0.58921
31.974,-38.125,0.58921
31.974,-38.125,0.58921
31.974,-38.125,0.58921
31.974,-38.125,0.58921
31.974,-38.125,0.58921
31.974,-38.125,0.58921
31.974,-38.125,0.58921
31.974,-38.125,0.58921
31.974,-38.125,0.58921
31.974,-38.125,0.58921
31.974,-38.125,0.58921
31.974,-38.125,0.58921
31.974,-38.125,0.58921
31.974,-38.125,0.58921
31.974,-38.125,0.58921
31.974,-38.125,0.58921
31.974,-38.125,0.58921
31.974,-38.125,0.58921
31.974,-38.125,0.58921
31.974,-38.125,0.58921
31.974,-38.125,0.58921
31.974,-38.125,0.58921
31.974,-38.125,0.58921
31.974,-38.125,0.58921
31.974,-38.125,0.58921
31.974,-38.125,0.58921
31.974,-38.125,0.58921
31.974,-38.125,0.58921
31.974,-38.125,0.58921
31.974,-38.125,0.58921
31.974,-38.125,0.58921
31.974,-38.125,0.58921
31.974,-38.125,0.58921
31.974,-38.125,0.58921
31.974,-38.125,0.58921
31.974,-38.125,0.58921
31.974,-38.125,0.58921
31.974,-38.125,0.58921
31.974,-38.125,0.58921
31.974,-38.125,0.58921
31.974,-38.125,0.58921
31.974,-38.125,0.58921
31.974,-38.125,0.58921
31.974,-38.125,0.58921
31.974,-38.125,0.58921
31.974,-38.125,0.58921
31.974,-38.125,0.58921
31.974,-38.125,0.58921
31.974,-38.125,0.58921
31.974,-38.125,0.58921
31.974,-38.125,0.58921
31.974,-38.125,0.58921
31.974,-38.125,0.58921
31.974,-38.125,0.58921
31.974,-38.125,0.58921
31.974,-38.125,0.58921
31.974,-38.125,0.58921
31.974,-38.125,0.58921
31.974,-38.125,0.58921
31.974,-38.125,0.58921
31.974,-38.125,0.58921
31.974,-38.125,0.58921
31.974,-38.125,0.58921
31.974,-38.125,0.58921
31.974,-38.125,0.58921
31.974,-38.125,0.58921
31.974,-38.125,0.58921
31.974,-38.125,0.58921
